Team1WinRate,Team1GoalsScored,Team1LastMatchResult,Team2WinRate,Team1GoalRatio,Team2GoalRatio,Team1GoalAgainstRatio,Team2GoalAgainstRatio,Team2GoalsScored,Team2LastMatchResult,Team1LeagueRanking,Team2LeagueRanking,Attendance,MatchStadium,Team1Formation,Team2Formation,Team1SuccessfulPassPercentage,Team2SuccessfulPassPercentage,Team1ShootRatio,Team2ShootRatio,Team1YellowCardNumber,Team2YellowCardNumber,Team1RedCardNumber,Team2RedCardNumber,Team1OffsideNumber,Team2OffsideNumber,Team1OffsidePerMatch,Team2OffsidePerMatch,Result
64,1,-2,44,2.25,2.03,1.06,1.69,1,-2,3,7,40096,Away,4-3-3,3-4-3,84.0,85.8,35.2,37.3,92,125,5,3,131,109,2.34,2.22,0
64,3,0,35,2.25,1.43,1.06,1.76,1,0,3,11,53145,Home,4-3-3,4-2-3-1,84.0,74.7,35.2,32.2,92,91,5,3,131,74,2.34,1.72,1
64,2,0,47,2.25,2.19,1.06,1.58,1,1,3,6,52214,Away,4-3-3,4-3-3,84.0,81.0,35.2,37.8,92,97,5,1,131,75,2.34,1.53,1
64,3,0,56,2.25,2.03,1.06,1.47,0,-1,3,4,50109,Home,4-3-3,4-4-2,84.0,83.8,35.2,37.3,92,132,5,3,131,57,2.34,1.06,1
64,3,0,35,2.25,1.35,1.06,1.7,1,-1,3,13,31257,Away,4-3-3,4-2-3-1,84.0,80.8,35.2,36.3,92,113,5,4,131,94,2.34,2.14,1
64,3,0,38,2.25,1.59,1.06,1.92,1,0,3,9,50136,Home,4-3-3,4-2-3-1,84.0,77.9,35.2,33.4,92,108,5,4,131,90,2.34,1.73,1
64,1,0,53,2.25,1.97,1.06,1.64,2,0,3,5,62001,Away,4-3-3,4-2-3-1,84.0,85.3,35.2,35.8,92,95,5,4,131,88,2.34,2.26,-1
64,2,0,33,2.25,1.5,1.06,1.61,2,1,3,10,31752,Away,4-3-3,4-2-3-1,84.0,87.1,35.2,34.9,92,115,5,3,131,98,2.34,2.04,0
64,2,0,35,2.25,1.05,1.06,1.32,0,-1,3,15,50201,Home,4-3-3,4-4-1-1,84.0,73.2,35.2,30.0,92,88,5,2,131,101,2.34,2.3,1
64,3,0,22,2.25,1.27,1.06,1.78,0,-1,3,17,50143,Home,4-3-3,5-4-1,84.0,75.8,35.2,31.2,92,94,5,3,131,91,2.34,2.12,1
64,1,0,16,2.25,1.35,1.06,2.19,1,-1,3,18,11049,Away,4-3-3,3-4-3,84.0,73.2,35.2,32.7,92,73,5,0,131,72,2.34,1.67,0
64,3,0,27,2.25,1.46,1.06,1.65,0,0,3,16,50151,Home,4-3-3,5-3-2,84.0,74.6,35.2,33.8,92,90,5,2,131,81,2.34,1.98,1
64,1,0,72,2.25,2.53,1.06,0.92,1,1,3,1,53289,Away,4-3-3,3-2-4-1,84.0,89.2,35.2,38.3,92,70,5,2,131,56,2.34,1.04,0
64,4,0,32,2.25,1.38,1.06,1.59,3,1,3,14,50124,Home,4-3-3,4-2-3-1,84.0,80.6,35.2,33.7,92,91,5,4,131,59,2.34,1.31,1
64,2,0,8,2.25,0.95,1.06,2.73,0,-1,3,20,31406,Away,4-3-3,3-4-3,84.0,70.5,35.2,32.7,92,103,5,5,131,62,2.34,1.55,1
64,2,0,32,2.25,1.41,1.06,1.57,1,1,3,12,25103,Away,4-3-3,4-3-3,84.0,77.1,35.2,35.8,92,78,5,2,131,75,2.34,1.83,1
64,0,0,46,2.25,1.49,1.06,1.57,0,1,3,8,57158,Home,4-3-3,4-2-3-1,84.0,80.7,35.2,34.2,92,101,5,4,131,107,2.34,2.18,0
64,1,0,72,2.25,2.44,1.06,0.78,1,1,3,2,57548,Home,4-3-3,4-3-3,84.0,84.8,35.2,32.5,92,79,5,2,131,102,2.34,2.0,0
64,2,0,14,2.25,1.08,1.06,2.05,0,-1,3,19,21624,Away,4-3-3,4-4-2,84.0,77.6,35.2,31.8,92,85,5,7,131,88,2.34,2.15,1
64,4,0,47,2.25,2.19,1.06,1.58,2,1,3,6,57471,Home,4-3-3,4-3-3,84.0,81.0,35.2,37.8,92,97,5,1,131,75,2.34,1.53,1
64,4,0,35,2.25,1.43,1.06,1.76,0,0,3,11,11228,Away,4-3-3,4-2-3-1,84.0,74.7,35.2,32.2,92,91,5,3,131,74,2.34,1.72,1
64,4,0,44,2.25,2.03,1.06,1.69,1,0,3,7,57524,Home,4-3-3,4-2-3-1,84.0,85.8,35.2,37.3,92,125,5,3,131,109,2.34,2.22,1
64,1,0,72,2.25,2.44,1.06,0.78,3,1,3,2,60374,Away,4-3-3,4-3-3,84.0,84.8,35.2,32.5,92,79,5,2,131,102,2.34,2.0,-1
64,3,0,14,2.25,1.08,1.06,2.05,1,-1,3,19,59896,Home,4-3-3,4-4-2,84.0,77.6,35.2,31.8,92,85,5,7,131,88,2.34,2.15,1
64,4,0,27,2.25,1.46,1.06,1.65,1,0,3,16,17193,Away,4-3-3,3-5-2,84.0,74.6,35.2,33.8,92,90,5,2,131,81,2.34,1.98,1
64,4,0,16,2.25,1.35,1.06,2.19,1,-1,3,18,59713,Home,4-3-3,3-4-3,84.0,73.2,35.2,32.7,92,73,5,0,131,72,2.34,1.67,1
64,1,0,22,2.25,1.27,1.06,1.78,0,-1,3,17,29603,Away,4-3-3,4-2-3-1,84.0,75.8,35.2,31.2,92,94,5,3,131,91,2.34,2.12,1
64,1,0,72,2.25,2.53,1.06,0.92,1,1,3,1,59947,Home,4-3-3,3-2-4-1,84.0,89.2,35.2,38.3,92,70,5,2,131,56,2.34,1.04,0
64,2,0,33,2.25,1.5,1.06,1.61,1,1,3,10,60061,Home,4-3-3,4-2-3-1,84.0,87.1,35.2,34.9,92,115,5,3,131,98,2.34,2.04,1
64,3,0,8,2.25,0.95,1.06,2.73,1,-1,3,20,60055,Home,4-3-3,3-5-2,84.0,70.5,35.2,32.7,92,103,5,5,131,62,2.34,1.55,1
64,2,0,46,2.25,1.49,1.06,1.57,2,1,3,8,73501,Away,4-3-3,4-2-3-1,84.0,80.7,35.2,34.2,92,101,5,4,131,107,2.34,2.18,0
64,0,0,32,2.25,1.41,1.06,1.57,1,1,3,12,60090,Home,4-3-3,3-4-3,84.0,77.1,35.2,35.8,92,78,5,2,131,75,2.34,1.83,-1
64,3,0,32,2.25,1.38,1.06,1.59,1,1,3,14,24414,Away,4-3-3,4-2-3-1,84.0,80.6,35.2,33.7,92,91,5,4,131,59,2.34,1.31,1
64,0,0,35,2.25,1.05,1.06,1.32,2,-1,3,15,38222,Away,4-3-3,4-4-1-1,84.0,73.2,35.2,30.0,92,88,5,2,131,101,2.34,2.3,-1
64,2,0,38,2.25,1.59,1.06,1.92,2,0,3,9,62474,Away,4-3-3,4-2-3-1,84.0,77.9,35.2,33.4,92,108,5,4,131,90,2.34,1.73,0
64,4,0,53,2.25,1.97,1.06,1.64,2,0,3,5,60075,Home,4-3-3,4-3-3,84.0,85.3,35.2,35.8,92,95,5,4,131,88,2.34,2.26,1
64,3,0,56,2.25,2.03,1.06,1.47,3,-1,3,4,42241,Away,4-3-3,4-2-3-1,84.0,83.8,35.2,37.3,92,132,5,3,131,57,2.34,1.06,0
64,2,0,35,2.25,1.35,1.06,1.7,0,-1,3,13,60059,Home,4-3-3,3-5-1-1,84.0,80.8,35.2,36.3,92,113,5,4,131,94,2.34,2.14,1
72,2,-2,22,2.44,1.27,0.78,1.78,1,-2,2,17,59984,Home,4-3-3,3-4-3,84.8,75.8,32.5,31.2,79,94,2,3,102,91,2.0,2.12,1
72,1,1,32,2.44,1.41,0.78,1.57,0,1,2,12,24189,Away,4-3-3,4-2-3-1,84.8,77.1,32.5,35.8,79,78,2,2,102,75,2.0,1.83,1
72,2,1,32,2.44,1.38,0.78,1.59,2,1,2,14,59961,Home,4-3-3,4-3-3,84.8,80.6,32.5,33.7,79,91,2,4,102,59,2.0,1.31,0
72,3,1,46,2.44,1.49,0.78,1.57,1,1,2,8,60192,Home,4-3-3,4-2-3-1,84.8,80.7,32.5,34.2,79,101,2,4,102,107,2.0,2.18,1
72,1,1,35,2.44,1.05,0.78,1.32,0,-1,2,15,39217,Away,4-3-3,4-5-1,84.8,73.2,32.5,30.0,79,88,2,2,102,101,2.0,2.3,1
72,2,1,53,2.44,1.97,0.78,1.64,2,0,2,5,60156,Home,4-3-3,4-2-3-1,84.8,85.3,32.5,35.8,79,95,2,4,102,88,2.0,2.26,0
72,4,1,35,2.44,1.43,0.78,1.76,0,0,2,11,11193,Away,4-3-3,4-2-3-1,84.8,74.7,32.5,32.2,79,91,2,3,102,74,2.0,1.72,1
72,1,1,72,2.44,2.53,0.78,0.92,0,1,2,1,60233,Home,4-3-3,4-3-3,84.8,89.2,32.5,38.3,79,70,2,2,102,56,2.0,1.04,1
72,2,1,44,2.44,2.03,0.78,1.69,2,0,2,7,39723,Away,4-3-3,4-2-3-1,84.8,85.8,32.5,37.3,79,125,2,3,102,109,2.0,2.22,0
72,5,1,8,2.44,0.95,0.78,2.73,0,-1,2,20,60153,Home,4-3-3,4-4-2,84.8,70.5,32.5,32.7,79,103,2,5,102,62,2.0,1.55,1
72,0,1,47,2.44,2.19,0.78,1.58,1,1,2,6,52194,Away,4-3-3,4-3-3,84.8,81.0,32.5,37.8,79,97,2,1,102,75,2.0,1.53,-1
72,3,1,14,2.44,1.08,0.78,2.05,1,-1,2,19,60232,Home,4-3-3,4-4-2,84.8,77.6,32.5,31.8,79,85,2,7,102,88,2.0,2.15,1
72,1,1,27,2.44,1.46,0.78,1.65,0,0,2,16,17201,Away,4-3-3,5-3-2,84.8,74.6,32.5,33.8,79,90,2,2,102,81,2.0,1.98,1
72,2,1,35,2.44,1.35,0.78,1.7,1,-1,2,13,60262,Home,4-3-3,3-5-2,84.8,80.8,32.5,36.3,79,113,2,4,102,94,2.0,2.14,1
72,4,1,16,2.44,1.35,0.78,2.19,3,-1,2,18,11031,Away,4-3-3,3-4-3,84.8,73.2,32.5,32.7,79,73,2,0,102,72,2.0,1.67,1
72,0,1,56,2.44,2.03,0.78,1.47,1,-1,2,4,42000,Away,4-3-3,4-4-1-1,84.8,83.8,32.5,37.3,79,132,2,3,102,57,2.0,1.06,-1
72,2,1,33,2.44,1.5,0.78,1.61,0,1,2,10,60257,Home,4-3-3,4-2-3-1,84.8,87.1,32.5,34.9,79,115,2,3,102,98,2.0,2.04,1
72,1,1,64,2.44,2.25,0.78,1.06,1,0,2,3,57548,Away,4-3-3,4-3-3,84.8,84.0,32.5,35.2,79,92,2,5,102,131,2.0,2.34,0
72,0,1,38,2.44,1.59,0.78,1.92,2,0,2,9,60261,Home,4-3-3,4-2-3-1,84.8,77.9,32.5,33.4,79,108,2,4,102,90,2.0,1.73,-1
72,1,1,32,2.44,1.38,0.78,1.59,2,1,2,14,24444,Away,4-3-3,4-2-3-1,84.8,80.6,32.5,33.7,79,91,2,4,102,59,2.0,1.31,-1
72,5,1,32,2.44,1.41,0.78,1.57,0,1,2,12,60284,Home,4-3-3,3-4-3,84.8,77.1,32.5,35.8,79,78,2,2,102,75,2.0,1.83,1
72,2,1,22,2.44,1.27,0.78,1.78,1,-1,2,17,29387,Away,4-3-3,4-2-3-1,84.8,75.8,32.5,31.2,79,94,2,3,102,91,2.0,2.12,1
72,3,1,64,2.44,2.25,0.78,1.06,1,0,2,3,60374,Home,4-3-3,4-3-3,84.8,84.0,32.5,35.2,79,92,2,5,102,131,2.0,2.34,1
72,6,1,38,2.44,1.59,0.78,1.92,0,0,2,9,62475,Away,4-3-3,4-2-3-1,84.8,77.9,32.5,33.4,79,108,2,4,102,90,2.0,1.73,1
72,5,1,14,2.44,1.08,0.78,2.05,0,-1,2,19,21311,Away,4-3-3,4-4-2,84.8,77.6,32.5,31.8,79,85,2,7,102,88,2.0,2.15,1
72,4,1,47,2.44,2.19,0.78,1.58,1,1,2,6,60298,Home,4-3-3,4-3-3,84.8,81.0,32.5,37.8,79,97,2,1,102,75,2.0,1.53,1
72,6,1,8,2.44,0.95,0.78,2.73,0,-1,2,20,29157,Away,4-3-3,4-5-1,84.8,70.5,32.5,32.7,79,103,2,5,102,62,2.0,1.55,1
72,2,1,27,2.44,1.46,0.78,1.65,1,0,2,16,60331,Home,4-3-3,3-5-2,84.8,74.6,32.5,33.8,79,90,2,2,102,81,2.0,1.98,1
72,0,1,72,2.44,2.53,0.78,0.92,0,1,2,1,52178,Away,4-3-3,4-1-4-1,84.8,89.2,32.5,38.3,79,70,2,2,102,56,2.0,1.04,0
72,2,1,16,2.44,1.35,0.78,2.19,0,-1,2,18,60262,Home,4-3-3,3-4-3,84.8,73.2,32.5,32.7,79,73,2,0,102,72,2.0,1.67,1
72,3,1,33,2.44,1.5,0.78,1.61,0,1,2,10,31677,Away,4-3-3,4-2-3-1,84.8,87.1,32.5,34.9,79,115,2,3,102,98,2.0,2.04,1
72,0,1,56,2.44,2.03,0.78,1.47,2,-1,2,4,60350,Home,4-3-3,4-2-3-1,84.8,83.8,32.5,37.3,79,132,2,3,102,57,2.0,1.06,-1
72,2,1,35,2.44,1.35,0.78,1.7,0,-1,2,13,31621,Away,4-3-3,4-4-2,84.8,80.8,32.5,36.3,79,113,2,4,102,94,2.0,2.14,1
72,5,1,44,2.44,2.03,0.78,1.69,0,0,2,7,60238,Home,4-3-3,4-2-3-1,84.8,85.8,32.5,37.3,79,125,2,3,102,109,2.0,2.22,1
72,3,1,53,2.44,1.97,0.78,1.64,2,0,2,5,61554,Away,4-3-3,4-2-3-1,84.8,85.3,32.5,35.8,79,95,2,4,102,88,2.0,2.26,1
72,3,1,35,2.44,1.43,0.78,1.76,0,0,2,11,60348,Home,4-3-3,4-3-3,84.8,74.7,32.5,32.2,79,91,2,3,102,74,2.0,1.72,1
72,1,1,46,2.44,1.49,0.78,1.57,0,1,2,8,73600,Away,4-3-3,4-2-3-1,84.8,80.7,32.5,34.2,79,101,2,4,102,107,2.0,2.18,1
72,2,1,35,2.44,1.05,0.78,1.32,1,-1,2,15,60312,Home,4-3-3,4-4-1-1,84.8,73.2,32.5,30.0,79,88,2,2,102,101,2.0,2.3,1
56,1,-2,47,2.03,2.19,1.47,1.58,5,-2,4,6,52207,Away,4-2-3-1,4-3-3,83.8,81.0,37.3,37.8,132,97,3,1,57,75,1.06,1.53,-1
56,4,-1,35,2.03,1.05,1.47,1.32,0,-1,4,15,41694,Home,4-2-3-1,4-1-4-1,83.8,73.2,37.3,30.0,132,88,3,2,57,101,1.06,2.3,1
56,3,-1,14,2.03,1.08,1.47,2.05,1,-1,4,19,21591,Away,3-4-3,4-4-2,83.8,77.6,37.3,31.8,132,85,3,7,57,88,1.06,2.15,1
56,0,-1,64,2.03,2.25,1.47,1.06,3,0,4,3,50109,Away,4-4-2,4-3-3,83.8,84.0,37.3,35.2,132,92,3,5,57,131,1.06,2.34,-1
56,3,-1,32,2.03,1.41,1.47,1.57,1,1,4,12,40809,Home,4-2-3-1,4-4-1-1,83.8,77.1,37.3,35.8,132,78,3,2,57,75,1.06,1.83,1
56,1,-1,44,2.03,2.03,1.47,1.69,0,0,4,7,39700,Away,4-2-3-1,4-2-3-1,83.8,85.8,37.3,37.3,132,125,3,3,57,109,1.06,2.22,1
56,6,-1,33,2.03,1.5,1.47,1.61,1,1,4,10,40636,Home,4-2-3-1,4-2-3-1,83.8,87.1,37.3,34.9,132,115,3,3,57,98,1.06,2.04,1
56,1,-1,35,2.03,1.35,1.47,1.7,1,-1,4,13,31425,Away,4-4-2,3-4-3,83.8,80.8,37.3,36.3,132,113,3,4,57,94,1.06,2.14,0
56,4,-1,38,2.03,1.59,1.47,1.92,1,0,4,9,41734,Home,4-4-2,4-2-3-1,83.8,77.9,37.3,33.4,132,108,3,4,57,90,1.06,1.73,1
56,3,-1,16,2.03,1.35,1.47,2.19,1,-1,4,18,41785,Home,4-4-2,3-4-3,83.8,73.2,37.3,32.7,132,73,3,0,57,72,1.06,1.67,1
56,0,-1,22,2.03,1.27,1.47,1.78,2,-1,4,17,29313,Away,4-4-2,4-3-3,83.8,75.8,37.3,31.2,132,94,3,3,57,91,1.06,2.12,-1
56,3,-1,32,2.03,1.38,1.47,1.59,1,1,4,14,41608,Home,4-2-2-2,4-2-3-1,83.8,80.6,37.3,33.7,132,91,3,4,57,59,1.06,1.31,1
56,2,-1,53,2.03,1.97,1.47,1.64,1,0,4,5,61679,Away,4-4-2,4-2-3-1,83.8,85.3,37.3,35.8,132,95,3,4,57,88,1.06,2.26,1
56,2,-1,35,2.03,1.43,1.47,1.76,2,0,4,11,11191,Away,4-4-2,4-2-3-1,83.8,74.7,37.3,32.2,132,91,3,3,57,74,1.06,1.72,0
56,1,-1,72,2.03,2.53,1.47,0.92,0,1,4,1,41421,Home,4-4-1-1,3-2-4-1,83.8,89.2,37.3,38.3,132,70,3,2,57,56,1.06,1.04,1
56,1,-1,72,2.03,2.44,1.47,0.78,0,1,4,2,42000,Home,4-4-1-1,4-3-3,83.8,84.8,37.3,32.5,132,79,3,2,57,102,1.06,2.0,1
56,2,-1,27,2.03,1.46,1.47,1.65,1,0,4,16,17034,Away,3-5-2,3-5-2,83.8,74.6,37.3,33.8,132,90,3,2,57,81,1.06,1.98,1
56,1,-1,8,2.03,0.95,1.47,2.73,1,-1,4,20,41651,Home,4-4-1-1,3-4-3,83.8,70.5,37.3,32.7,132,103,3,5,57,62,1.06,1.55,0
56,2,-1,46,2.03,1.49,1.47,1.57,3,1,4,8,73574,Away,4-2-3-1,4-2-3-1,83.8,80.7,37.3,34.2,132,101,3,4,57,107,1.06,2.18,-1
56,3,-1,14,2.03,1.08,1.47,2.05,2,-1,4,19,41613,Home,4-4-1-1,4-4-2,83.8,77.6,37.3,31.8,132,85,3,7,57,88,1.06,2.15,1
56,0,-1,35,2.03,1.05,1.47,1.32,0,-1,4,15,39284,Away,4-4-2,4-2-3-1,83.8,73.2,37.3,30.0,132,88,3,2,57,101,1.06,2.3,0
56,1,-1,47,2.03,2.19,1.47,1.58,3,1,4,6,42191,Home,4-4-2,4-3-3,83.8,81.0,37.3,37.8,132,97,3,1,57,75,1.06,1.53,-1
56,5,-1,8,2.03,0.95,1.47,2.73,0,-1,4,20,30187,Away,4-2-3-1,5-4-1,83.8,70.5,37.3,32.7,132,103,3,5,57,62,1.06,1.55,1
56,1,-1,46,2.03,1.49,1.47,1.57,2,1,4,8,42185,Home,4-2-3-1,4-2-3-1,83.8,80.7,37.3,34.2,132,101,3,4,57,107,1.06,2.18,-1
56,2,-1,32,2.03,1.38,1.47,1.59,1,1,4,14,24401,Away,4-2-3-1,4-2-3-1,83.8,80.6,37.3,33.7,132,91,3,4,57,59,1.06,1.31,1
56,4,-1,22,2.03,1.27,1.47,1.78,2,-1,4,17,42131,Home,4-2-3-1,4-2-3-1,83.8,75.8,37.3,31.2,132,94,3,3,57,91,1.06,2.12,1
56,3,-1,16,2.03,1.35,1.47,2.19,2,-1,4,18,11594,Away,4-2-3-1,3-4-3,83.8,73.2,37.3,32.7,132,73,3,0,57,72,1.06,1.67,1
56,0,-1,53,2.03,1.97,1.47,1.64,4,0,4,5,42310,Home,5-3-2,4-2-3-1,83.8,85.3,37.3,35.8,132,95,3,4,57,88,1.06,2.26,-1
56,1,-1,38,2.03,1.59,1.47,1.92,1,0,4,9,62461,Away,4-4-2,4-2-3-1,83.8,77.9,37.3,33.4,132,108,3,4,57,90,1.06,1.73,0
56,2,-1,35,2.03,1.35,1.47,1.7,0,-1,4,13,42640,Home,4-4-2,3-4-3,83.8,80.8,37.3,36.3,132,113,3,4,57,94,1.06,2.14,1
56,1,-1,72,2.03,2.53,1.47,0.92,4,1,4,1,53422,Away,4-2-3-1,4-2-3-1,83.8,89.2,37.3,38.3,132,70,3,2,57,56,1.06,1.04,-1
56,3,-1,27,2.03,1.46,1.47,1.65,3,0,4,16,42118,Home,4-4-1-1,3-5-2,83.8,74.6,37.3,33.8,132,90,3,2,57,81,1.06,1.98,0
56,2,-1,72,2.03,2.44,1.47,0.78,0,1,4,2,60350,Away,4-2-3-1,4-3-3,83.8,84.8,37.3,32.5,132,79,3,2,57,102,1.06,2.0,1
56,3,-1,35,2.03,1.43,1.47,1.76,1,0,4,11,42189,Home,4-2-3-1,4-2-3-1,83.8,74.7,37.3,32.2,132,91,3,3,57,74,1.06,1.72,1
56,2,-1,44,2.03,2.03,1.47,1.69,2,0,4,7,42354,Home,4-4-1-1,4-2-3-1,83.8,85.8,37.3,37.3,132,125,3,3,57,109,1.06,2.22,0
56,0,-1,33,2.03,1.5,1.47,1.61,1,1,4,10,31596,Away,4-2-3-1,4-2-3-1,83.8,87.1,37.3,34.9,132,115,3,3,57,98,1.06,2.04,-1
56,3,-1,64,2.03,2.25,1.47,1.06,3,0,4,3,42241,Home,4-2-3-1,4-3-3,83.8,84.0,37.3,35.2,132,92,3,5,57,131,1.06,2.34,0
56,0,-1,32,2.03,1.41,1.47,1.57,5,1,4,12,25191,Away,4-4-2,3-4-3,83.8,77.1,37.3,35.8,132,78,3,2,57,75,1.06,1.83,-1
72,3,-2,14,2.53,1.08,0.92,2.05,0,-2,1,19,21572,Away,4-2-3-1,5-4-1,89.2,77.6,38.3,31.8,70,85,2,7,56,88,1.04,2.15,1
72,1,1,47,2.53,2.19,0.92,1.58,0,1,1,6,53419,Home,4-2-3-1,4-3-3,89.2,81.0,38.3,37.8,70,97,2,1,56,75,1.04,1.53,1
72,2,1,8,2.53,0.95,0.92,2.73,1,-1,1,20,31336,Away,4-2-3-1,3-5-2,89.2,70.5,38.3,32.7,70,103,2,5,56,62,1.04,1.55,1
72,5,1,32,2.53,1.38,0.92,1.59,1,1,1,14,52899,Home,4-2-3-1,4-3-3,89.2,80.6,38.3,33.7,70,91,2,4,56,59,1.04,1.31,1
72,3,1,38,2.53,1.59,0.92,1.92,1,0,1,9,62475,Away,4-2-3-1,4-2-3-1,89.2,77.9,38.3,33.4,70,108,2,4,56,90,1.04,1.73,1
72,2,1,22,2.53,1.27,0.92,1.78,0,-1,1,17,53413,Home,4-2-3-1,5-4-1,89.2,75.8,38.3,31.2,70,94,2,3,56,91,1.04,2.12,1
72,1,1,35,2.53,1.35,0.92,1.7,2,-1,1,13,31415,Away,4-2-3-1,3-4-3,89.2,80.8,38.3,36.3,70,113,2,4,56,94,1.04,2.14,-1
72,0,1,72,2.53,2.44,0.92,0.78,1,1,1,2,60233,Away,4-3-3,4-3-3,89.2,84.8,38.3,32.5,70,79,2,2,56,102,1.04,2.0,-1
72,2,1,33,2.53,1.5,0.92,1.61,1,1,1,10,53466,Home,3-2-4-1,4-2-3-1,89.2,87.1,38.3,34.9,70,115,2,3,56,98,1.04,2.04,1
72,3,1,46,2.53,1.49,0.92,1.57,0,1,1,8,73502,Away,4-2-3-1,4-2-3-1,89.2,80.7,38.3,34.2,70,101,2,4,56,107,1.04,2.18,1
72,6,1,35,2.53,1.43,0.92,1.76,1,0,1,11,53358,Home,3-4-3,5-4-1,89.2,74.7,38.3,32.2,70,91,2,3,56,74,1.04,1.72,1
72,4,1,44,2.53,2.03,0.92,1.69,4,0,1,7,39532,Away,3-2-4-1,4-2-3-1,89.2,85.8,38.3,37.3,70,125,2,3,56,109,1.04,2.22,0
72,1,1,64,2.53,2.25,0.92,1.06,1,0,1,3,53289,Home,3-2-4-1,4-3-3,89.2,84.0,38.3,35.2,70,92,2,5,56,131,1.04,2.34,0
72,3,1,53,2.53,1.97,0.92,1.64,3,0,1,5,53473,Home,3-2-4-1,4-2-3-1,89.2,85.3,38.3,35.8,70,95,2,4,56,88,1.04,2.26,0
72,0,1,56,2.53,2.03,0.92,1.47,1,-1,1,4,41421,Away,3-2-4-1,4-4-1-1,89.2,83.8,38.3,37.3,70,132,2,3,56,57,1.04,1.06,-1
72,2,1,16,2.53,1.35,0.92,2.19,1,-1,1,18,11047,Away,4-2-3-1,3-4-3,89.2,73.2,38.3,32.7,70,73,2,0,56,72,1.04,1.67,1
72,2,1,32,2.53,1.41,0.92,1.57,2,1,1,12,53248,Home,4-2-3-1,5-4-1,89.2,77.1,38.3,35.8,70,78,2,2,56,75,1.04,1.83,0
72,3,1,35,2.53,1.05,0.92,1.32,1,-1,1,15,39327,Away,4-2-3-1,4-2-3-1,89.2,73.2,38.3,30.0,70,88,2,2,56,101,1.04,2.3,1
72,2,1,8,2.53,0.95,0.92,2.73,0,-1,1,20,53108,Home,4-2-3-1,3-4-3,89.2,70.5,38.3,32.7,70,103,2,5,56,62,1.04,1.55,1
72,3,1,47,2.53,2.19,0.92,1.58,2,1,1,6,52190,Away,4-2-3-1,4-3-3,89.2,81.0,38.3,37.8,70,97,2,1,56,75,1.04,1.53,1
72,3,1,14,2.53,1.08,0.92,2.05,1,-1,1,19,52143,Home,4-2-3-1,4-4-2,89.2,77.6,38.3,31.8,70,85,2,7,56,88,1.04,2.15,1
72,3,1,27,2.53,1.46,0.92,1.65,1,0,1,16,17096,Away,4-1-4-1,3-5-2,89.2,74.6,38.3,33.8,70,90,2,2,56,81,1.04,1.98,1
72,2,1,35,2.53,1.05,0.92,1.32,0,-1,1,15,52187,Home,4-1-4-1,4-2-3-1,89.2,73.2,38.3,30.0,70,88,2,2,56,101,1.04,2.3,1
72,1,1,44,2.53,2.03,0.92,1.69,1,0,1,7,52178,Home,4-1-4-1,4-2-3-1,89.2,85.8,38.3,37.3,70,125,2,3,56,109,1.04,2.22,0
72,1,1,27,2.53,1.46,0.92,1.65,0,0,1,16,52247,Home,4-2-3-1,3-5-2,89.2,74.6,38.3,33.8,70,90,2,2,56,81,1.04,1.98,1
72,1,1,35,2.53,1.43,0.92,1.76,0,0,1,11,11184,Away,3-2-4-1,4-2-3-1,89.2,74.7,38.3,32.2,70,91,2,3,56,74,1.04,1.72,1
72,3,1,46,2.53,1.49,0.92,1.57,1,1,1,8,53514,Home,3-2-4-1,4-2-4-0,89.2,80.7,38.3,34.2,70,101,2,4,56,107,1.04,2.18,1
72,1,1,64,2.53,2.25,0.92,1.06,1,0,1,3,59947,Away,3-2-4-1,4-3-3,89.2,84.0,38.3,35.2,70,92,2,5,56,131,1.04,2.34,0
72,0,1,72,2.53,2.44,0.92,0.78,0,1,1,2,52178,Home,4-1-4-1,4-3-3,89.2,84.8,38.3,32.5,70,79,2,2,56,102,1.04,2.0,0
72,4,1,56,2.53,2.03,0.92,1.47,1,-1,1,4,53422,Home,4-2-3-1,4-2-3-1,89.2,83.8,38.3,37.3,70,132,2,3,56,57,1.04,1.06,1
72,4,1,32,2.53,1.41,0.92,1.57,2,1,1,12,25132,Away,3-2-4-1,3-4-3,89.2,77.1,38.3,35.8,70,78,2,2,56,75,1.04,1.83,1
72,5,1,16,2.53,1.35,0.92,2.19,1,-1,1,18,52149,Home,4-2-3-1,3-4-3,89.2,73.2,38.3,32.7,70,73,2,0,56,72,1.04,1.67,1
72,4,1,33,2.53,1.5,0.92,1.61,0,1,1,10,31596,Away,4-1-4-1,4-2-3-1,89.2,87.1,38.3,34.9,70,115,2,3,56,98,1.04,2.04,1
72,2,1,22,2.53,1.27,0.92,1.78,0,-1,1,17,29677,Away,4-1-4-1,5-4-1,89.2,75.8,38.3,31.2,70,94,2,3,56,91,1.04,2.12,1
72,5,1,35,2.53,1.35,0.92,1.7,1,-1,1,13,52439,Home,4-2-3-1,3-5-2,89.2,80.8,38.3,36.3,70,113,2,4,56,94,1.04,2.14,1
72,4,1,32,2.53,1.38,0.92,1.59,0,1,1,14,24418,Away,4-2-3-1,4-2-3-1,89.2,80.6,38.3,33.7,70,91,2,4,56,59,1.04,1.31,1
72,2,1,53,2.53,1.97,0.92,1.64,0,0,1,5,61065,Away,4-2-3-1,4-3-1-2,89.2,85.3,38.3,35.8,70,95,2,4,56,88,1.04,2.26,1
72,3,1,38,2.53,1.59,0.92,1.92,1,0,1,9,0,Home,4-1-4-1,3-4-3,89.2,77.9,38.3,33.4,70,108,2,4,56,90,1.04,1.73,1
53,2,-2,27,1.97,1.46,1.64,1.65,2,-2,5,16,17066,Away,4-2-3-1,5-3-2,85.3,74.6,35.8,33.8,95,90,4,2,88,81,2.26,1.98,0
53,2,0,46,1.97,1.49,1.64,1.57,0,1,5,8,61910,Home,4-2-3-1,4-2-3-1,85.3,80.7,35.8,34.2,95,101,4,4,88,107,2.26,2.18,1
53,2,0,35,1.97,1.43,1.64,1.76,0,0,5,11,10567,Away,4-2-3-1,4-2-3-1,85.3,74.7,35.8,32.2,95,91,4,3,88,74,2.26,1.72,1
53,5,0,14,1.97,1.08,1.64,2.05,2,-1,5,19,21750,Away,4-2-3-1,4-4-2,85.3,77.6,35.8,31.8,95,85,4,7,88,88,2.26,2.15,1
53,2,0,8,1.97,0.95,1.64,2.73,1,-1,5,20,61706,Home,4-2-3-1,3-5-2,85.3,70.5,35.8,32.7,95,103,4,5,88,62,2.26,1.55,1
53,2,0,72,1.97,2.44,1.64,0.78,2,1,5,2,60156,Away,4-2-3-1,4-3-3,85.3,84.8,35.8,32.5,95,79,4,2,88,102,2.26,2.0,0
53,2,0,64,1.97,2.25,1.64,1.06,1,0,5,3,62001,Home,4-2-3-1,4-3-3,85.3,84.0,35.8,35.2,95,92,4,5,88,131,2.26,2.34,1
53,1,0,16,1.97,1.35,1.64,2.19,0,-1,5,18,10290,Away,4-2-3-1,4-4-2,85.3,73.2,35.8,32.7,95,73,4,0,88,72,2.26,1.67,1
53,2,0,32,1.97,1.38,1.64,1.59,0,1,5,14,61286,Home,4-2-3-1,4-2-3-1,85.3,80.6,35.8,33.7,95,91,4,4,88,59,2.26,1.31,1
53,2,0,32,1.97,1.41,1.64,1.57,1,1,5,12,25074,Away,4-2-3-1,4-2-3-1,85.3,77.1,35.8,35.8,95,78,4,2,88,75,2.26,1.83,1
53,1,0,44,1.97,2.03,1.64,1.69,4,0,5,7,61726,Home,4-2-3-1,4-2-3-1,85.3,85.8,35.8,37.3,95,125,4,3,88,109,2.26,2.22,-1
53,1,0,35,1.97,1.35,1.64,1.7,2,-1,5,13,31642,Away,4-3-3,3-5-2,85.3,80.8,35.8,36.3,95,113,4,4,88,94,2.26,2.14,-1
53,1,0,56,1.97,2.03,1.64,1.47,2,-1,5,4,61679,Home,4-2-3-1,4-4-2,85.3,83.8,35.8,37.3,95,132,4,3,88,57,2.26,1.06,-1
53,3,0,72,1.97,2.53,1.64,0.92,3,1,5,1,53473,Away,4-2-3-1,3-2-4-1,85.3,89.2,35.8,38.3,95,70,4,2,88,56,2.26,1.04,0
53,1,0,38,1.97,1.59,1.64,1.92,2,0,5,9,61171,Home,4-2-3-1,4-3-3,85.3,77.9,35.8,33.4,95,108,4,4,88,90,2.26,1.73,-1
53,4,0,47,1.97,2.19,1.64,1.58,1,1,5,6,61171,Home,4-2-3-1,4-3-3,85.3,81.0,35.8,37.8,95,97,4,1,88,75,2.26,1.53,1
53,2,0,22,1.97,1.27,1.64,1.78,0,-1,5,17,29296,Away,4-2-3-1,3-5-2,85.3,75.8,35.8,31.2,95,94,4,3,88,91,2.26,2.12,1
53,2,0,35,1.97,1.05,1.64,1.32,1,-1,5,15,61808,Home,4-2-3-1,4-2-3-1,85.3,73.2,35.8,30.0,95,88,4,2,88,101,2.26,2.3,1
53,2,0,33,1.97,1.5,1.64,1.61,4,1,5,10,31675,Away,4-2-3-1,4-1-2-1-2◆,85.3,87.1,35.8,34.9,95,115,4,3,88,98,2.26,2.04,-1
53,3,0,35,1.97,1.43,1.64,1.76,1,0,5,11,61780,Home,4-3-3,4-2-3-1,85.3,74.7,35.8,32.2,95,91,4,3,88,74,2.26,1.72,1
53,2,0,46,1.97,1.49,1.64,1.57,2,1,5,8,73489,Away,4-3-3,4-2-3-1,85.3,80.7,35.8,34.2,95,101,4,4,88,107,2.26,2.18,0
53,3,0,27,1.97,1.46,1.64,1.65,2,0,5,16,61210,Home,4-2-3-1,3-5-2,85.3,74.6,35.8,33.8,95,90,4,2,88,81,2.26,1.98,1
53,2,0,35,1.97,1.05,1.64,1.32,2,-1,5,15,39321,Away,4-2-3-1,4-4-1-1,85.3,73.2,35.8,30.0,95,88,4,2,88,101,2.26,2.3,0
53,2,0,33,1.97,1.5,1.64,1.61,1,1,5,10,61445,Home,4-2-3-1,4-2-3-1,85.3,87.1,35.8,34.9,95,115,4,3,88,98,2.26,2.04,1
53,1,0,35,1.97,1.35,1.64,1.7,2,-1,5,13,61532,Home,4-2-3-1,3-4-3,85.3,80.8,35.8,36.3,95,113,4,4,88,94,2.26,2.14,-1
53,3,0,32,1.97,1.41,1.64,1.57,1,1,5,12,61339,Home,4-2-3-1,3-4-3,85.3,77.1,35.8,35.8,95,78,4,2,88,75,2.26,1.83,1
53,4,0,56,1.97,2.03,1.64,1.47,0,-1,5,4,42310,Away,4-2-3-1,5-3-2,85.3,83.8,35.8,37.3,95,132,4,3,88,57,2.26,1.06,1
53,0,0,32,1.97,1.38,1.64,1.59,3,1,5,14,24410,Away,4-2-3-1,4-2-3-1,85.3,80.6,35.8,33.7,95,91,4,4,88,59,2.26,1.31,-1
53,2,0,16,1.97,1.35,1.64,2.19,1,-1,5,18,61534,Home,4-2-3-1,4-3-3,85.3,73.2,35.8,32.7,95,73,4,0,88,72,2.26,1.67,1
53,1,0,38,1.97,1.59,1.64,1.92,1,0,5,9,62469,Away,4-2-3-1,4-5-1,85.3,77.9,35.8,33.4,95,108,4,4,88,90,2.26,1.73,0
53,3,0,22,1.97,1.27,1.64,1.78,1,-1,5,17,61098,Home,4-2-3-1,4-2-3-1,85.3,75.8,35.8,31.2,95,94,4,3,88,91,2.26,2.12,1
53,0,0,47,1.97,2.19,1.64,1.58,4,1,5,6,52147,Away,4-2-3-1,4-3-3,85.3,81.0,35.8,37.8,95,97,4,1,88,75,2.26,1.53,-1
53,2,0,72,1.97,2.44,1.64,0.78,3,1,5,2,61554,Home,4-2-3-1,4-3-3,85.3,84.8,35.8,32.5,95,79,4,2,88,102,2.26,2.0,-1
53,0,0,44,1.97,2.03,1.64,1.69,2,0,5,7,39086,Away,4-2-3-1,4-2-3-1,85.3,85.8,35.8,37.3,95,125,4,3,88,109,2.26,2.22,-1
53,2,0,64,1.97,2.25,1.64,1.06,4,0,5,3,60075,Away,4-3-3,4-3-3,85.3,84.0,35.8,35.2,95,92,4,5,88,131,2.26,2.34,-1
53,2,0,14,1.97,1.08,1.64,2.05,1,-1,5,19,61148,Home,4-3-3,4-4-2,85.3,77.6,35.8,31.8,95,85,4,7,88,88,2.26,2.15,1
53,0,0,72,1.97,2.53,1.64,0.92,2,1,5,1,61065,Home,4-3-1-2,4-2-3-1,85.3,89.2,35.8,38.3,95,70,4,2,88,56,2.26,1.04,-1
53,3,0,8,1.97,0.95,1.64,2.73,0,-1,5,20,29116,Away,4-2-3-1,5-3-2,85.3,70.5,35.8,32.7,95,103,4,5,88,62,2.26,1.55,1
46,1,-2,35,1.49,1.35,1.57,1.7,0,-2,8,13,73358,Home,4-1-4-1,4-4-2,80.7,80.8,34.2,36.3,101,113,4,4,107,94,2.18,2.14,1
46,0,1,53,1.49,1.97,1.57,1.64,2,0,8,5,61910,Away,4-2-3-1,4-2-3-1,80.7,85.3,34.2,35.8,101,95,4,4,107,88,2.18,2.26,-1
46,3,1,22,1.49,1.27,1.57,1.78,2,-1,8,17,73595,Home,4-2-3-1,3-4-3,80.7,75.8,34.2,31.2,101,94,4,3,107,91,2.18,2.12,1
46,1,1,72,1.49,2.44,1.57,0.78,3,1,8,2,60192,Away,4-2-3-1,4-3-3,80.7,84.8,34.2,32.5,101,79,4,2,107,102,2.18,2.0,-1
46,1,1,33,1.49,1.5,1.57,1.61,3,1,8,10,73592,Home,4-1-2-1-2◆,4-2-3-1,80.7,87.1,34.2,34.9,101,115,4,3,107,98,2.18,2.04,-1
46,1,1,14,1.49,1.08,1.57,2.05,0,-1,8,19,21593,Away,4-2-3-1,4-3-3,80.7,77.6,34.2,31.8,101,85,4,7,107,88,2.18,2.15,1
46,0,1,32,1.49,1.41,1.57,1.57,1,1,8,12,73428,Home,4-2-3-1,4-3-3,80.7,77.1,34.2,35.8,101,78,4,2,107,75,2.18,1.83,-1
46,2,1,27,1.49,1.46,1.57,1.65,1,0,8,16,73453,Home,4-2-3-1,3-5-2,80.7,74.6,34.2,33.8,101,90,4,2,107,81,2.18,1.98,1
46,2,1,8,1.49,0.95,1.57,2.73,1,-1,8,20,31543,Away,4-2-3-1,4-4-2,80.7,70.5,34.2,32.7,101,103,4,5,107,62,2.18,1.55,1
46,0,1,72,1.49,2.53,1.57,0.92,3,1,8,1,73502,Home,4-2-3-1,4-2-3-1,80.7,89.2,34.2,38.3,101,70,4,2,107,56,2.18,1.04,-1
46,1,1,32,1.49,1.38,1.57,1.59,0,1,8,14,24415,Away,4-2-3-1,4-2-3-1,80.7,80.6,34.2,33.7,101,91,4,4,107,59,2.18,1.31,1
46,1,1,16,1.49,1.35,1.57,2.19,0,-1,8,18,73599,Home,4-2-3-1,3-4-3,80.7,73.2,34.2,32.7,101,73,4,0,107,72,2.18,1.67,1
46,3,1,35,1.49,1.05,1.57,1.32,0,-1,8,15,39257,Away,4-2-3-1,4-4-1-1,80.7,73.2,34.2,30.0,101,88,4,2,107,101,2.18,2.3,1
46,0,1,47,1.49,2.19,1.57,1.58,1,1,8,6,52214,Away,4-2-3-1,4-3-3,80.7,81.0,34.2,37.8,101,97,4,1,107,75,2.18,1.53,-1
46,2,1,44,1.49,2.03,1.57,1.69,1,0,8,7,73607,Home,4-2-3-1,4-2-3-1,80.7,85.8,34.2,37.3,101,125,4,3,107,109,2.18,2.22,1
46,0,1,35,1.49,1.43,1.57,1.76,3,0,8,11,73427,Home,4-2-3-1,4-2-3-1,80.7,74.7,34.2,32.2,101,91,4,3,107,74,2.18,1.72,-1
46,0,1,64,1.49,2.25,1.57,1.06,0,0,8,3,57158,Away,4-2-3-1,4-3-3,80.7,84.0,34.2,35.2,101,92,4,5,107,131,2.18,2.34,0
46,0,1,38,1.49,1.59,1.57,1.92,2,0,8,9,64472,Away,4-2-3-1,4-2-3-1,80.7,77.9,34.2,33.4,101,108,4,4,107,90,2.18,1.73,-1
46,3,1,56,1.49,2.03,1.57,1.47,2,-1,8,4,73574,Home,4-2-3-1,4-2-3-1,80.7,83.8,34.2,37.3,101,132,4,3,107,57,2.18,1.06,1
46,1,1,22,1.49,1.27,1.57,1.78,2,-1,8,17,29529,Away,4-2-3-1,4-2-3-1,80.7,75.8,34.2,31.2,101,94,4,3,107,91,2.18,2.12,-1
46,2,1,53,1.49,1.97,1.57,1.64,2,0,8,5,73489,Home,4-2-3-1,4-3-3,80.7,85.3,34.2,35.8,101,95,4,4,107,88,2.18,2.26,0
46,4,1,35,1.49,1.35,1.57,1.7,3,-1,8,13,31641,Away,4-2-3-1,3-4-3,80.7,80.8,34.2,36.3,101,113,4,4,107,94,2.18,2.14,1
46,3,1,38,1.49,1.59,1.57,1.92,0,0,8,9,73612,Home,4-2-3-1,4-2-3-1,80.7,77.9,34.2,33.4,101,108,4,4,107,90,2.18,1.73,1
46,2,1,56,1.49,2.03,1.57,1.47,1,-1,8,4,42185,Away,4-2-3-1,4-2-3-1,80.7,83.8,34.2,37.3,101,132,4,3,107,57,2.18,1.06,1
46,2,1,16,1.49,1.35,1.57,2.19,1,-1,8,18,11483,Away,4-2-3-1,3-4-3,80.7,73.2,34.2,32.7,101,73,4,0,107,72,2.18,1.67,1
46,1,1,32,1.49,1.38,1.57,1.59,2,1,8,14,73487,Home,4-2-3-1,4-2-3-1,80.7,80.6,34.2,33.7,101,91,4,4,107,59,2.18,1.31,-1
46,1,1,72,1.49,2.53,1.57,0.92,3,1,8,1,53514,Away,4-2-4-0,3-2-4-1,80.7,89.2,34.2,38.3,101,70,4,2,107,56,2.18,1.04,-1
46,2,1,35,1.49,1.05,1.57,1.32,0,-1,8,15,73601,Home,4-2-4-0,4-4-1-1,80.7,73.2,34.2,30.0,101,88,4,2,107,101,2.18,2.3,1
46,1,1,27,1.49,1.46,1.57,1.65,1,0,8,16,17138,Away,4-2-3-1,3-5-2,80.7,74.6,34.2,33.8,101,90,4,2,107,81,2.18,1.98,0
46,3,1,44,1.49,2.03,1.57,1.69,4,0,8,7,39694,Away,4-2-3-1,4-2-3-1,80.7,85.8,34.2,37.3,101,125,4,3,107,109,2.18,2.22,-1
46,2,1,64,1.49,2.25,1.57,1.06,2,0,8,3,73501,Home,4-2-3-1,4-3-3,80.7,84.0,34.2,35.2,101,92,4,5,107,131,2.18,2.34,0
46,2,1,35,1.49,1.43,1.57,1.76,2,0,8,11,11229,Away,4-2-3-1,4-2-3-1,80.7,74.7,34.2,32.2,101,91,4,3,107,74,2.18,1.72,0
46,4,1,8,1.49,0.95,1.57,2.73,2,-1,8,20,73549,Home,4-2-3-1,3-5-2,80.7,70.5,34.2,32.7,101,103,4,5,107,62,2.18,1.55,1
46,1,1,14,1.49,1.08,1.57,2.05,1,-1,8,19,73571,Home,4-2-3-1,4-4-2,80.7,77.6,34.2,31.8,101,85,4,7,107,88,2.18,2.15,0
46,0,1,32,1.49,1.41,1.57,1.57,4,1,8,12,25190,Away,4-2-3-1,3-4-3,80.7,77.1,34.2,35.8,101,78,4,2,107,75,2.18,1.83,-1
46,0,1,72,1.49,2.44,1.57,0.78,1,1,8,2,73600,Home,4-2-3-1,4-3-3,80.7,84.8,34.2,32.5,101,79,4,2,107,102,2.18,2.0,-1
46,3,1,47,1.49,2.19,1.57,1.58,2,1,8,6,0,Home,4-2-2-2,4-3-3,80.7,81.0,34.2,37.8,101,97,4,1,107,75,2.18,1.53,1
46,2,1,33,1.49,1.5,1.57,1.61,0,1,8,10,31662,Away,4-2-2-2,4-2-3-1,80.7,87.1,34.2,34.9,101,115,4,3,107,98,2.18,2.04,1
38,1,-2,35,1.59,1.43,1.92,1.76,1,-2,9,11,11245,Away,4-2-3-1,4-2-3-1,77.9,74.7,33.4,32.2,108,91,4,3,90,74,1.73,1.72,0
38,3,0,44,1.59,2.03,1.92,1.69,1,0,9,7,62451,Home,4-2-3-1,3-4-3,77.9,85.8,33.4,37.3,108,125,4,3,90,109,1.73,2.22,1
38,3,0,33,1.59,1.5,1.92,1.61,1,1,9,10,31508,Away,4-1-4-1,4-2-3-1,77.9,87.1,33.4,34.9,108,115,4,3,90,98,1.73,2.04,1
38,2,0,16,1.59,1.35,1.92,2.19,1,-1,9,18,10802,Away,4-2-3-1,5-3-2,77.9,73.2,33.4,32.7,108,73,4,0,90,72,1.73,1.67,1
38,1,0,72,1.59,2.53,1.92,0.92,3,1,9,1,62475,Home,4-2-3-1,4-2-3-1,77.9,89.2,33.4,38.3,108,70,4,2,90,56,1.73,1.04,-1
38,1,0,64,1.59,2.25,1.92,1.06,3,0,9,3,50136,Away,4-2-3-1,4-3-3,77.9,84.0,33.4,35.2,108,92,4,5,90,131,1.73,2.34,-1
38,2,0,8,1.59,0.95,1.92,2.73,0,-1,9,20,62459,Home,4-2-3-1,3-5-2,77.9,70.5,33.4,32.7,108,103,4,5,90,62,1.73,1.55,1
38,2,0,47,1.59,2.19,1.92,1.58,2,1,9,6,62473,Home,4-2-3-1,4-3-3,77.9,81.0,33.4,37.8,108,97,4,1,90,75,1.73,1.53,0
38,1,0,56,1.59,2.03,1.92,1.47,4,-1,9,4,41734,Away,4-2-3-1,4-4-2,77.9,83.8,33.4,37.3,108,132,4,3,90,57,1.73,1.06,-1
38,0,0,35,1.59,1.05,1.92,1.32,1,-1,9,15,62469,Home,4-2-3-1,4-4-1-1,77.9,73.2,33.4,30.0,108,88,4,2,90,101,1.73,2.3,-1
38,2,0,27,1.59,1.46,1.92,1.65,3,0,9,16,17103,Away,4-4-2,4-3-3,77.9,74.6,33.4,33.8,108,90,4,2,90,81,1.73,1.98,-1
38,3,0,22,1.59,1.27,1.92,1.78,2,-1,9,17,62470,Home,4-2-3-1,4-3-3,77.9,75.8,33.4,31.2,108,94,4,3,90,91,1.73,2.12,1
38,2,0,14,1.59,1.08,1.92,2.05,1,-1,9,19,21319,Away,4-2-3-1,4-4-2,77.9,77.6,33.4,31.8,108,85,4,7,90,88,1.73,2.15,1
38,1,0,32,1.59,1.41,1.92,1.57,1,1,9,12,62414,Home,4-2-3-1,4-3-3,77.9,77.1,33.4,35.8,108,78,4,2,90,75,1.73,1.83,0
38,2,0,53,1.59,1.97,1.92,1.64,1,0,9,5,61171,Away,4-3-3,4-2-3-1,77.9,85.3,33.4,35.8,108,95,4,4,90,88,1.73,2.26,1
38,0,0,32,1.59,1.38,1.92,1.59,5,1,9,14,23988,Away,4-4-1-1,4-2-3-1,77.9,80.6,33.4,33.7,108,91,4,4,90,59,1.73,1.31,-1
38,3,0,35,1.59,1.35,1.92,1.7,0,-1,9,13,62455,Home,4-2-3-1,3-4-3,77.9,80.8,33.4,36.3,108,113,4,4,90,94,1.73,2.14,1
38,2,0,46,1.59,1.49,1.92,1.57,0,1,9,8,64472,Home,4-2-3-1,4-2-3-1,77.9,80.7,33.4,34.2,108,101,4,4,90,107,1.73,2.18,1
38,2,0,72,1.59,2.44,1.92,0.78,0,1,9,2,60261,Away,4-2-3-1,4-3-3,77.9,84.8,33.4,32.5,108,79,4,2,90,102,1.73,2.0,1
38,0,0,33,1.59,1.5,1.92,1.61,0,1,9,10,62462,Home,4-2-3-1,4-3-1-2,77.9,87.1,33.4,34.9,108,115,4,3,90,98,1.73,2.04,0
38,2,0,8,1.59,0.95,1.92,2.73,2,-1,9,20,29164,Away,4-4-1-1,4-1-4-1,77.9,70.5,33.4,32.7,108,103,4,5,90,62,1.73,1.55,0
38,1,0,35,1.59,1.43,1.92,1.76,1,0,9,11,62478,Home,4-3-2-1,4-2-3-1,77.9,74.7,33.4,32.2,108,91,4,3,90,74,1.73,1.72,0
38,0,0,46,1.59,1.49,1.92,1.57,3,1,9,8,73612,Away,4-2-3-1,4-2-3-1,77.9,80.7,33.4,34.2,108,101,4,4,90,107,1.73,2.18,-1
38,0,0,72,1.59,2.44,1.92,0.78,6,1,9,2,62475,Home,4-2-3-1,4-3-3,77.9,84.8,33.4,32.5,108,79,4,2,90,102,1.73,2.0,-1
38,0,0,22,1.59,1.27,1.92,1.78,2,-1,9,17,29490,Away,4-2-3-1,4-2-3-1,77.9,75.8,33.4,31.2,108,94,4,3,90,91,1.73,2.12,-1
38,4,0,27,1.59,1.46,1.92,1.65,2,0,9,16,62450,Home,4-2-3-1,3-5-2,77.9,74.6,33.4,33.8,108,90,4,2,90,81,1.73,1.98,1
38,3,0,35,1.59,1.05,1.92,1.32,1,-1,9,15,39262,Away,4-2-3-1,4-4-1-1,77.9,73.2,33.4,30.0,108,88,4,2,90,101,1.73,2.3,1
38,2,0,14,1.59,1.08,1.92,2.05,2,-1,9,19,62441,Home,4-2-3-1,4-4-2,77.9,77.6,33.4,31.8,108,85,4,7,90,88,1.73,2.15,0
38,1,0,56,1.59,2.03,1.92,1.47,1,-1,9,4,62461,Home,4-2-3-1,4-4-2,77.9,83.8,33.4,37.3,108,132,4,3,90,57,1.73,1.06,0
38,3,0,47,1.59,2.19,1.92,1.58,4,1,9,6,52199,Away,4-2-3-1,4-3-3,77.9,81.0,33.4,37.8,108,97,4,1,90,75,1.73,1.53,-1
38,1,0,53,1.59,1.97,1.92,1.64,1,0,9,5,62469,Home,4-5-1,4-2-3-1,77.9,85.3,33.4,35.8,108,95,4,4,90,88,1.73,2.26,0
38,2,0,35,1.59,1.35,1.92,1.7,1,-1,9,13,31504,Away,4-2-3-1,3-4-3,77.9,80.8,33.4,36.3,108,113,4,4,90,94,1.73,2.14,1
38,0,0,32,1.59,1.38,1.92,1.59,2,1,9,14,62459,Home,4-2-3-1,4-2-3-1,77.9,80.6,33.4,33.7,108,91,4,4,90,59,1.73,1.31,-1
38,2,0,32,1.59,1.41,1.92,1.57,5,1,9,12,25145,Away,4-2-3-1,3-4-3,77.9,77.1,33.4,35.8,108,78,4,2,90,75,1.73,1.83,-1
38,2,0,64,1.59,2.25,1.92,1.06,2,0,9,3,62474,Home,4-2-3-1,4-3-3,77.9,84.0,33.4,35.2,108,92,4,5,90,131,1.73,2.34,0
38,0,0,44,1.59,2.03,1.92,1.69,5,0,9,7,39295,Away,4-2-3-1,4-2-3-1,77.9,85.8,33.4,37.3,108,125,4,3,90,109,1.73,2.22,-1
38,3,0,16,1.59,1.35,1.92,2.19,1,-1,9,18,62475,Home,4-2-3-1,3-4-3,77.9,73.2,33.4,32.7,108,73,4,0,90,72,1.73,1.67,1
38,1,0,72,1.59,2.53,1.92,0.92,3,1,9,1,0,Away,3-4-3,4-1-4-1,77.9,89.2,33.4,38.3,108,70,4,2,90,56,1.73,1.04,-1
33,4,-2,16,1.5,1.35,1.61,2.19,1,-2,10,18,31872,Home,4-2-3-1,3-5-2,87.1,73.2,34.9,32.7,115,73,3,0,98,72,2.04,1.67,1
33,4,1,35,1.5,1.35,1.61,1.7,1,-1,10,13,31317,Away,4-2-3-1,4-4-1-1,87.1,80.8,34.9,36.3,115,113,3,4,98,94,2.04,2.14,1
33,1,1,38,1.5,1.59,1.61,1.92,3,0,10,9,31508,Home,4-2-3-1,4-1-4-1,87.1,77.9,34.9,33.4,115,108,3,4,98,90,2.04,1.73,-1
33,3,1,47,1.5,2.19,1.61,1.58,1,1,10,6,31620,Home,4-2-3-1,4-3-3,87.1,81.0,34.9,37.8,115,97,3,1,98,75,2.04,1.53,1
33,3,1,46,1.5,1.49,1.61,1.57,1,1,10,8,73592,Away,4-2-3-1,4-1-2-1-2◆,87.1,80.7,34.9,34.2,115,101,3,4,98,107,2.04,2.18,1
33,3,1,35,1.5,1.43,1.61,1.76,1,0,10,11,31617,Home,4-2-3-1,4-2-3-1,87.1,74.7,34.9,32.2,115,91,3,3,98,74,2.04,1.72,1
33,1,1,56,1.5,2.03,1.61,1.47,6,-1,10,4,40636,Away,4-2-3-1,4-2-3-1,87.1,83.8,34.9,37.3,115,132,3,3,98,57,2.04,1.06,-1
33,2,1,64,1.5,2.25,1.61,1.06,2,0,10,3,31752,Home,4-2-3-1,4-3-3,87.1,84.0,34.9,35.2,115,92,3,5,98,131,2.04,2.34,0
33,1,1,72,1.5,2.53,1.61,0.92,2,1,10,1,53466,Away,4-2-3-1,3-2-4-1,87.1,89.2,34.9,38.3,115,70,3,2,98,56,2.04,1.04,-1
33,1,1,32,1.5,1.38,1.61,1.59,1,1,10,14,31550,Home,3-4-3,4-2-3-1,87.1,80.6,34.9,33.7,115,91,3,4,98,59,2.04,1.31,0
33,1,1,35,1.5,1.05,1.61,1.32,1,-1,10,15,38683,Away,4-3-3,4-4-1-1,87.1,73.2,34.9,30.0,115,88,3,2,98,101,2.04,2.3,0
33,1,1,8,1.5,0.95,1.61,2.73,1,-1,10,20,31367,Home,4-2-3-1,3-4-3,87.1,70.5,34.9,32.7,115,103,3,5,98,62,2.04,1.55,0
33,3,1,22,1.5,1.27,1.61,1.78,2,-1,10,17,29404,Away,4-2-3-1,4-1-4-1,87.1,75.8,34.9,31.2,115,94,3,3,98,91,2.04,2.12,1
33,2,1,44,1.5,2.03,1.61,1.69,3,0,10,7,39647,Away,4-2-3-1,4-2-3-1,87.1,85.8,34.9,37.3,115,125,3,3,98,109,2.04,2.22,-1
33,2,1,27,1.5,1.46,1.61,1.65,1,0,10,16,31571,Home,4-2-3-1,4-4-2,87.1,74.6,34.9,33.8,115,90,3,2,98,81,2.04,1.98,1
33,1,1,14,1.5,1.08,1.61,2.05,1,-1,10,19,31511,Home,4-2-3-1,4-4-2,87.1,77.6,34.9,31.8,115,85,3,7,98,88,2.04,2.15,0
33,0,1,72,1.5,2.44,1.61,0.78,2,1,10,2,60257,Away,4-2-3-1,4-3-3,87.1,84.8,34.9,32.5,115,79,3,2,98,102,2.04,2.0,-1
33,1,1,32,1.5,1.41,1.61,1.57,1,1,10,12,24171,Away,4-2-3-1,4-3-3,87.1,77.1,34.9,35.8,115,78,3,2,98,75,2.04,1.83,0
33,4,1,53,1.5,1.97,1.61,1.64,2,0,10,5,31675,Home,4-1-2-1-2◆,4-2-3-1,87.1,85.3,34.9,35.8,115,95,3,4,98,88,2.04,2.26,1
33,0,1,38,1.5,1.59,1.61,1.92,0,0,10,9,62462,Away,4-3-1-2,4-2-3-1,87.1,77.9,34.9,33.4,115,108,3,4,98,90,2.04,1.73,0
33,0,1,35,1.5,1.35,1.61,1.7,0,-1,10,13,41505,Home,4-3-3,3-4-3,87.1,80.8,34.9,36.3,115,113,3,4,98,94,2.04,2.14,0
33,0,1,16,1.5,1.35,1.61,2.19,4,-1,10,18,10994,Away,3-4-3,3-4-3,87.1,73.2,34.9,32.7,115,73,3,0,98,72,2.04,1.67,-1
33,4,1,32,1.5,1.41,1.61,1.57,1,1,10,12,31345,Home,3-4-3,4-3-3,87.1,77.1,34.9,35.8,115,78,3,2,98,75,2.04,1.83,1
33,1,1,53,1.5,1.97,1.61,1.64,2,0,10,5,61445,Away,4-2-3-1,4-2-3-1,87.1,85.3,34.9,35.8,115,95,3,4,98,88,2.04,2.26,-1
33,5,1,8,1.5,0.95,1.61,2.73,0,-1,10,20,29522,Away,4-2-3-1,3-5-1-1,87.1,70.5,34.9,32.7,115,103,3,5,98,62,2.04,1.55,1
33,1,1,35,1.5,1.05,1.61,1.32,1,-1,10,15,41646,Home,4-2-3-1,4-4-1-1,87.1,73.2,34.9,30.0,115,88,3,2,98,101,2.04,2.3,0
33,0,1,32,1.5,1.38,1.61,1.59,3,1,10,14,24460,Away,3-4-3,4-2-3-1,87.1,80.6,34.9,33.7,115,91,3,4,98,59,2.04,1.31,-1
33,1,1,22,1.5,1.27,1.61,1.78,0,-1,10,17,31505,Home,4-2-3-1,4-3-3,87.1,75.8,34.9,31.2,115,94,3,3,98,91,2.04,2.12,1
33,1,1,64,1.5,2.25,1.61,1.06,2,0,10,3,60061,Away,4-2-3-1,4-3-3,87.1,84.0,34.9,35.2,115,92,3,5,98,131,2.04,2.34,-1
33,0,1,27,1.5,1.46,1.61,1.65,0,0,10,16,17024,Away,4-2-3-1,3-5-2,87.1,74.6,34.9,33.8,115,90,3,2,98,81,2.04,1.98,0
33,0,1,72,1.5,2.44,1.61,0.78,3,1,10,2,31677,Home,4-2-3-1,4-3-3,87.1,84.8,34.9,32.5,115,79,3,2,98,102,2.04,2.0,-1
33,1,1,14,1.5,1.08,1.61,2.05,1,-1,10,19,20687,Away,4-2-3-1,4-4-2,87.1,77.6,34.9,31.8,115,85,3,7,98,88,2.04,2.15,0
33,0,1,72,1.5,2.53,1.61,0.92,4,1,10,1,31596,Home,4-2-3-1,4-1-4-1,87.1,89.2,34.9,38.3,115,70,3,2,98,56,2.04,1.04,-1
33,0,1,35,1.5,1.43,1.61,1.76,3,0,10,11,11188,Away,4-2-3-1,4-4-2,87.1,74.7,34.9,32.2,115,91,3,3,98,74,2.04,1.72,-1
33,1,1,56,1.5,2.03,1.61,1.47,0,-1,10,4,31596,Home,4-2-3-1,4-2-3-1,87.1,83.8,34.9,37.3,115,132,3,3,98,57,2.04,1.06,1
33,1,1,47,1.5,2.19,1.61,1.58,1,1,10,6,51997,Away,4-2-3-1,4-3-3,87.1,81.0,34.9,37.8,115,97,3,1,98,75,2.04,1.53,0
33,1,1,44,1.5,2.03,1.61,1.69,2,0,10,7,31555,Home,4-2-3-1,4-2-3-1,87.1,85.8,34.9,37.3,115,125,3,3,98,109,2.04,2.22,-1
33,0,1,46,1.5,1.49,1.61,1.57,2,1,10,8,31662,Home,4-2-3-1,4-2-2-2,87.1,80.7,34.9,34.2,115,101,3,4,98,107,2.04,2.18,-1
35,0,-2,46,1.35,1.49,1.7,1.57,1,-2,13,8,73358,Away,4-4-2,4-1-4-1,80.8,80.7,36.3,34.2,113,101,4,4,94,107,2.14,2.18,-1
35,1,-1,33,1.35,1.5,1.7,1.61,4,1,13,10,31317,Home,4-4-1-1,4-2-3-1,80.8,87.1,36.3,34.9,113,115,4,3,94,98,2.14,2.04,-1
35,1,-1,35,1.35,1.05,1.7,1.32,0,-1,13,15,38851,Away,4-4-1-1,4-1-4-1,80.8,73.2,36.3,30.0,113,88,4,2,94,101,2.14,2.3,1
35,2,-1,32,1.35,1.41,1.7,1.57,3,1,13,12,24741,Away,4-4-2,4-3-3,80.8,77.1,36.3,35.8,113,78,4,2,94,75,2.14,1.83,-1
35,1,-1,64,1.35,2.25,1.7,1.06,3,0,13,3,31257,Home,4-2-3-1,4-3-3,80.8,84.0,36.3,35.2,113,92,4,5,94,131,2.14,2.34,-1
35,1,-1,16,1.35,1.35,1.7,2.19,1,-1,13,18,10893,Away,4-2-3-1,3-4-3,80.8,73.2,36.3,32.7,113,73,4,0,94,72,2.14,1.67,0
35,2,-1,72,1.35,2.53,1.7,0.92,1,1,13,1,31415,Home,3-4-3,4-2-3-1,80.8,89.2,36.3,38.3,113,70,4,2,94,56,2.14,1.04,1
35,1,-1,56,1.35,2.03,1.7,1.47,1,-1,13,4,31425,Home,3-4-3,4-4-2,80.8,83.8,36.3,37.3,113,132,4,3,94,57,2.14,1.06,0
35,2,-1,35,1.35,1.43,1.7,1.76,1,0,13,11,11175,Away,3-4-3,4-2-3-1,80.8,74.7,36.3,32.2,113,91,4,3,94,74,2.14,1.72,1
35,2,-1,47,1.35,2.19,1.7,1.58,2,1,13,6,31584,Home,4-4-2,4-3-3,80.8,81.0,36.3,37.8,113,97,4,1,94,75,2.14,1.53,0
35,1,-1,8,1.35,0.95,1.7,2.73,2,-1,13,20,29454,Away,4-4-1-1,3-4-1-2,80.8,70.5,36.3,32.7,113,103,4,5,94,62,2.14,1.55,-1
35,2,-1,53,1.35,1.97,1.7,1.64,1,0,13,5,31642,Home,3-5-2,4-3-3,80.8,85.3,36.3,35.8,113,95,4,4,94,88,2.14,2.26,1
35,2,-1,32,1.35,1.38,1.7,1.59,3,1,13,14,24366,Away,3-5-2,4-2-3-1,80.8,80.6,36.3,33.7,113,91,4,4,94,59,2.14,1.31,-1
35,1,-1,72,1.35,2.44,1.7,0.78,2,1,13,2,60262,Away,3-5-2,4-3-3,80.8,84.8,36.3,32.5,113,79,4,2,94,102,2.14,2.0,-1
35,1,-1,14,1.35,1.08,1.7,2.05,0,-1,13,19,30439,Home,3-4-3,4-4-2,80.8,77.6,36.3,31.8,113,85,4,7,94,88,2.14,2.15,1
35,1,-1,22,1.35,1.27,1.7,1.78,1,-1,13,17,31543,Home,3-4-3,3-5-2,80.8,75.8,36.3,31.2,113,94,4,3,94,91,2.14,2.12,0
35,0,-1,38,1.35,1.59,1.7,1.92,3,0,13,9,62455,Away,3-4-3,4-2-3-1,80.8,77.9,36.3,33.4,113,108,4,4,94,90,2.14,1.73,-1
35,2,-1,44,1.35,2.03,1.7,1.69,1,0,13,7,31641,Home,3-4-3,4-2-3-1,80.8,85.8,36.3,37.3,113,125,4,3,94,109,2.14,2.22,1
35,4,-1,27,1.35,1.46,1.7,1.65,1,0,13,16,17109,Away,3-4-3,4-3-3,80.8,74.6,36.3,33.8,113,90,4,2,94,81,2.14,1.98,1
35,3,-1,35,1.35,1.05,1.7,1.32,0,-1,13,15,31639,Home,3-4-3,5-4-1,80.8,73.2,36.3,30.0,113,88,4,2,94,101,2.14,2.3,1
35,0,-1,33,1.35,1.5,1.7,1.61,0,1,13,10,41505,Away,3-4-3,4-3-3,80.8,87.1,36.3,34.9,113,115,4,3,94,98,2.14,2.04,0
35,3,-1,46,1.35,1.49,1.7,1.57,4,1,13,8,31641,Home,3-4-3,4-2-3-1,80.8,80.7,36.3,34.2,113,101,4,4,94,107,2.14,2.18,-1
35,4,-1,44,1.35,2.03,1.7,1.69,2,0,13,7,39628,Away,3-4-3,4-2-3-1,80.8,85.8,36.3,37.3,113,125,4,3,94,109,2.14,2.22,1
35,0,-1,27,1.35,1.46,1.7,1.65,2,0,13,16,30731,Home,3-4-3,3-5-2,80.8,74.6,36.3,33.8,113,90,4,2,94,81,2.14,1.98,-1
35,2,-1,53,1.35,1.97,1.7,1.64,1,0,13,5,61532,Away,3-4-3,4-2-3-1,80.8,85.3,36.3,35.8,113,95,4,4,94,88,2.14,2.26,1
35,1,-1,8,1.35,0.95,1.7,2.73,0,-1,13,20,30789,Home,3-4-3,3-5-2,80.8,70.5,36.3,32.7,113,103,4,5,94,62,2.14,1.55,1
35,0,-1,47,1.35,2.19,1.7,1.58,3,1,13,6,52206,Away,3-4-3,4-3-3,80.8,81.0,36.3,37.8,113,97,4,1,94,75,2.14,1.53,-1
35,2,-1,32,1.35,1.38,1.7,1.59,1,1,13,14,30860,Home,4-2-3-1,4-2-3-1,80.8,80.6,36.3,33.7,113,91,4,4,94,59,2.14,1.31,1
35,0,-1,56,1.35,2.03,1.7,1.47,2,-1,13,4,42640,Away,3-4-3,4-4-2,80.8,83.8,36.3,37.3,113,132,4,3,94,57,2.14,1.06,-1
35,1,-1,14,1.35,1.08,1.7,2.05,1,-1,13,19,21528,Away,4-4-1-1,4-4-2,80.8,77.6,36.3,31.8,113,85,4,7,94,88,2.14,2.15,0
35,1,-1,38,1.35,1.59,1.7,1.92,2,0,13,9,31504,Home,3-4-3,4-2-3-1,80.8,77.9,36.3,33.4,113,108,4,4,94,90,2.14,1.73,-1
35,2,-1,22,1.35,1.27,1.7,1.78,2,-1,13,17,29604,Away,3-4-1-2,4-2-3-1,80.8,75.8,36.3,31.2,113,94,4,3,94,91,2.14,2.12,0
35,0,-1,72,1.35,2.44,1.7,0.78,2,1,13,2,31621,Home,4-4-2,4-3-3,80.8,84.8,36.3,32.5,113,79,4,2,94,102,2.14,2.0,-1
35,0,-1,35,1.35,1.43,1.7,1.76,1,0,13,11,25541,Home,4-1-4-1,4-2-3-1,80.8,74.7,36.3,32.2,113,91,4,3,94,74,2.14,1.72,-1
35,2,-1,16,1.35,1.35,1.7,2.19,1,-1,13,18,31531,Home,3-5-1-1,3-4-3,80.8,73.2,36.3,32.7,113,73,4,0,94,72,2.14,1.67,1
35,1,-1,72,1.35,2.53,1.7,0.92,5,1,13,1,52439,Away,3-5-2,4-2-3-1,80.8,89.2,36.3,38.3,113,70,4,2,94,56,2.14,1.04,-1
35,1,-1,32,1.35,1.41,1.7,1.57,3,1,13,12,31424,Home,3-5-1-1,3-4-3,80.8,77.1,36.3,35.8,113,78,4,2,94,75,2.14,1.83,-1
35,0,-1,64,1.35,2.25,1.7,1.06,2,0,13,3,60059,Away,3-5-1-1,4-3-3,80.8,84.0,36.3,35.2,113,92,4,5,94,131,2.14,2.34,-1
47,5,-2,56,2.19,2.03,1.58,1.47,1,-2,6,4,52207,Home,4-3-3,4-2-3-1,81.0,83.8,37.8,37.3,97,132,1,3,75,57,1.53,1.06,1
47,0,1,72,2.19,2.53,1.58,0.92,1,1,6,1,53419,Away,4-3-3,4-2-3-1,81.0,89.2,37.8,38.3,97,70,1,2,75,56,1.53,1.04,-1
47,1,1,64,2.19,2.25,1.58,1.06,2,0,6,3,52214,Home,4-3-3,4-3-3,81.0,84.0,37.8,35.2,97,92,1,5,75,131,1.53,2.34,-1
47,1,1,33,2.19,1.5,1.58,1.61,3,1,6,10,31620,Away,4-3-3,4-2-3-1,81.0,87.1,37.8,34.9,97,115,1,3,75,98,1.53,2.04,-1
47,1,1,27,2.19,1.46,1.58,1.65,0,0,6,16,51670,Home,4-3-3,5-3-2,81.0,74.6,37.8,33.8,97,90,1,2,75,81,1.53,1.98,1
47,8,1,8,2.19,0.95,1.58,2.73,0,-1,6,20,31127,Away,4-3-3,3-4-3,81.0,70.5,37.8,32.7,97,103,1,5,75,62,1.53,1.55,1
47,2,1,14,2.19,1.08,1.58,2.05,0,-1,6,19,51687,Home,4-3-3,4-2-3-1,81.0,77.6,37.8,31.8,97,85,1,7,75,88,1.53,2.15,1
47,2,1,38,2.19,1.59,1.58,1.92,2,0,6,9,62473,Away,4-3-3,4-2-3-1,81.0,77.9,37.8,33.4,97,108,1,4,75,90,1.53,1.73,0
47,4,1,32,2.19,1.41,1.58,1.57,0,1,6,12,52189,Home,4-3-3,4-3-3,81.0,77.1,37.8,35.8,97,78,1,2,75,75,1.53,1.83,1
47,2,1,35,2.19,1.35,1.58,1.7,2,-1,6,13,31584,Away,4-3-3,4-4-2,81.0,80.8,37.8,36.3,97,113,1,4,75,94,1.53,2.14,0
47,1,1,72,2.19,2.44,1.58,0.78,0,1,6,2,52194,Home,4-3-3,4-3-3,81.0,84.8,37.8,32.5,97,79,1,2,75,102,1.53,2.0,1
47,0,1,35,2.19,1.43,1.58,1.76,2,0,6,11,11201,Away,4-3-3,4-2-3-1,81.0,74.7,37.8,32.2,97,91,1,3,75,74,1.53,1.72,-1
47,4,1,44,2.19,2.03,1.58,1.69,1,0,6,7,52227,Home,4-3-3,4-2-3-1,81.0,85.8,37.8,37.3,97,125,1,3,75,109,1.53,2.22,1
47,1,1,46,2.19,1.49,1.58,1.57,0,1,6,8,52214,Home,4-3-3,4-2-3-1,81.0,80.7,37.8,34.2,97,101,1,4,75,107,1.53,2.18,1
47,0,1,35,2.19,1.05,1.58,1.32,3,-1,6,15,38198,Away,4-3-3,4-4-1-1,81.0,73.2,37.8,30.0,97,88,1,2,75,101,1.53,2.3,-1
47,1,1,53,2.19,1.97,1.58,1.64,4,0,6,5,61171,Away,4-3-3,4-2-3-1,81.0,85.3,37.8,35.8,97,95,1,4,75,88,1.53,2.26,-1
47,3,1,32,2.19,1.38,1.58,1.59,0,1,6,14,52055,Home,4-3-3,4-2-3-1,81.0,80.6,37.8,33.7,97,91,1,4,75,59,1.53,1.31,1
47,0,1,16,2.19,1.35,1.58,2.19,1,-1,6,18,11042,Away,4-3-3,3-4-3,81.0,73.2,37.8,32.7,97,73,1,0,75,72,1.53,1.67,-1
47,1,1,22,2.19,1.27,1.58,1.78,3,-1,6,17,52207,Home,4-3-3,4-2-3-1,81.0,75.8,37.8,31.2,97,94,1,3,75,91,1.53,2.12,-1
47,2,1,64,2.19,2.25,1.58,1.06,4,0,6,3,57471,Away,4-3-3,4-3-3,81.0,84.0,37.8,35.2,97,92,1,5,75,131,1.53,2.34,-1
47,2,1,72,2.19,2.53,1.58,0.92,3,1,6,1,52190,Home,4-3-3,4-2-3-1,81.0,89.2,37.8,38.3,97,70,1,2,75,56,1.53,1.04,-1
47,3,1,56,2.19,2.03,1.58,1.47,1,-1,6,4,42191,Away,4-3-3,4-4-2,81.0,83.8,37.8,37.3,97,132,1,3,75,57,1.53,1.06,1
47,4,1,16,2.19,1.35,1.58,2.19,4,-1,6,18,52211,Home,4-3-3,3-4-3,81.0,73.2,37.8,32.7,97,73,1,0,75,72,1.53,1.67,0
47,3,1,22,2.19,1.27,1.58,1.78,2,-1,6,17,29451,Away,4-3-3,4-2-3-1,81.0,75.8,37.8,31.2,97,94,1,3,75,91,1.53,2.12,1
47,2,1,35,2.19,1.43,1.58,1.76,2,0,6,11,52224,Home,4-3-3,4-2-3-1,81.0,74.7,37.8,32.2,97,91,1,3,75,74,1.53,1.72,0
47,1,1,72,2.19,2.44,1.58,0.78,4,1,6,2,60298,Away,4-3-3,4-3-3,81.0,84.8,37.8,32.5,97,79,1,2,75,102,1.53,2.0,-1
47,3,1,35,2.19,1.35,1.58,1.7,0,-1,6,13,52206,Home,4-3-3,3-4-3,81.0,80.8,37.8,36.3,97,113,1,4,75,94,1.53,2.14,1
47,2,1,44,2.19,2.03,1.58,1.69,3,0,6,7,37753,Away,4-3-3,4-2-3-1,81.0,85.8,37.8,37.3,97,125,1,3,75,109,1.53,2.22,-1
47,4,1,38,2.19,1.59,1.58,1.92,3,0,6,9,52199,Home,4-3-3,4-2-3-1,81.0,77.9,37.8,33.4,97,108,1,4,75,90,1.53,1.73,1
47,1,1,35,2.19,1.05,1.58,1.32,1,-1,6,15,52135,Home,4-3-3,4-4-1-1,81.0,73.2,37.8,30.0,97,88,1,2,75,101,1.53,2.3,0
47,1,1,32,2.19,1.38,1.58,1.59,0,1,6,14,24418,Away,4-3-3,4-2-3-1,81.0,80.6,37.8,33.7,97,91,1,4,75,59,1.53,1.31,1
47,4,1,53,2.19,1.97,1.58,1.64,0,0,6,5,52147,Home,4-3-3,4-2-3-1,81.0,85.3,37.8,35.8,97,95,1,4,75,88,1.53,2.26,1
47,0,1,32,2.19,1.41,1.58,1.57,2,1,6,12,25002,Away,3-4-3,3-4-3,81.0,77.1,37.8,35.8,97,78,1,2,75,75,1.53,1.83,-1
47,5,1,8,2.19,0.95,1.58,2.73,1,-1,6,20,52196,Home,4-3-3,3-5-2,81.0,70.5,37.8,32.7,97,103,1,5,75,62,1.53,1.55,1
47,4,1,14,2.19,1.08,1.58,2.05,1,-1,6,19,21781,Away,4-4-2,4-2-3-1,81.0,77.6,37.8,31.8,97,85,1,7,75,88,1.53,2.15,1
47,1,1,33,2.19,1.5,1.58,1.61,1,1,6,10,51997,Home,4-3-3,4-2-3-1,81.0,87.1,37.8,34.9,97,115,1,3,75,98,1.53,2.04,0
47,2,1,46,2.19,1.49,1.58,1.57,3,1,6,8,0,Away,4-3-3,4-2-2-2,81.0,80.7,37.8,34.2,97,101,1,4,75,107,1.53,2.18,-1
47,4,1,27,2.19,1.46,1.58,1.65,2,0,6,16,17124,Away,4-3-3,4-3-3,81.0,74.6,37.8,33.8,97,90,1,2,75,81,1.53,1.98,1
44,1,-2,64,2.03,2.25,1.69,1.06,1,-2,7,3,40096,Home,3-4-3,4-3-3,85.8,84.0,37.3,35.2,125,92,3,5,109,131,2.22,2.34,0
44,1,0,38,2.03,1.59,1.69,1.92,3,0,7,9,62451,Away,3-4-3,4-2-3-1,85.8,77.9,37.3,33.4,125,108,3,4,109,90,2.22,1.73,-1
44,3,0,16,2.03,1.35,1.69,2.19,0,-1,7,18,39893,Home,3-4-3,5-3-2,85.8,73.2,37.3,32.7,125,73,3,0,109,72,2.22,1.67,1
44,0,0,22,2.03,1.27,1.69,1.78,1,-1,7,17,39820,Home,3-4-3,3-4-3,85.8,75.8,37.3,31.2,125,94,3,3,109,91,2.22,2.12,-1
44,0,0,35,2.03,1.43,1.69,1.76,0,0,7,11,10421,Away,4-2-3-1,4-2-3-1,85.8,74.7,37.3,32.2,125,91,3,3,109,74,2.22,1.72,0
44,0,0,56,2.03,2.03,1.69,1.47,1,-1,7,4,39700,Home,4-2-3-1,4-2-3-1,85.8,83.8,37.3,37.3,125,132,3,3,109,57,2.22,1.06,-1
44,2,0,32,2.03,1.38,1.69,1.59,0,1,7,14,24445,Away,4-3-3,4-3-3,85.8,80.6,37.3,33.7,125,91,3,4,109,59,2.22,1.31,1
44,4,0,14,2.03,1.08,1.69,2.05,1,-1,7,19,21654,Away,4-3-3,4-3-3,85.8,77.6,37.3,31.8,125,85,3,7,109,88,2.22,2.15,1
44,2,0,72,2.03,2.44,1.69,0.78,2,1,7,2,39723,Home,4-2-3-1,4-3-3,85.8,84.8,37.3,32.5,125,79,3,2,109,102,2.22,2.0,0
44,0,0,27,2.03,1.46,1.69,1.65,2,0,7,16,39575,Home,4-2-3-1,3-5-2,85.8,74.6,37.3,33.8,125,90,3,2,109,81,2.22,1.98,-1
44,4,0,53,2.03,1.97,1.69,1.64,1,0,7,5,61726,Away,4-2-3-1,4-2-3-1,85.8,85.3,37.3,35.8,125,95,3,4,109,88,2.22,2.26,1
44,4,0,72,2.03,2.53,1.69,0.92,4,1,7,1,39532,Home,4-2-3-1,3-2-4-1,85.8,89.2,37.3,38.3,125,70,3,2,109,56,2.22,1.04,0
44,1,0,47,2.03,2.19,1.69,1.58,4,1,7,6,52227,Away,4-2-3-1,4-3-3,85.8,81.0,37.3,37.8,125,97,3,1,109,75,2.22,1.53,-1
44,3,0,33,2.03,1.5,1.69,1.61,2,1,7,10,39647,Home,4-2-3-1,4-2-3-1,85.8,87.1,37.3,34.9,125,115,3,3,109,98,2.22,2.04,1
44,1,0,46,2.03,1.49,1.69,1.57,2,1,7,8,73607,Away,4-2-3-1,4-2-3-1,85.8,80.7,37.3,34.2,125,101,3,4,109,107,2.22,2.18,-1
44,0,0,35,2.03,1.05,1.69,1.32,2,-1,7,15,39280,Away,4-2-3-1,4-4-1-1,85.8,73.2,37.3,30.0,125,88,3,2,109,101,2.22,2.3,-1
44,2,0,8,2.03,0.95,1.69,2.73,0,-1,7,20,39599,Home,4-2-3-1,4-1-4-1,85.8,70.5,37.3,32.7,125,103,3,5,109,62,2.22,1.55,1
44,1,0,35,2.03,1.35,1.69,1.7,2,-1,7,13,31641,Away,4-2-3-1,3-4-3,85.8,80.8,37.3,36.3,125,113,3,4,109,94,2.22,2.14,-1
44,2,0,32,2.03,1.41,1.69,1.57,1,1,7,12,39618,Home,4-2-3-1,4-3-3,85.8,77.1,37.3,35.8,125,78,3,2,109,75,2.22,1.83,1
44,3,0,16,2.03,1.35,1.69,2.19,2,-1,7,18,11041,Away,4-2-3-1,3-4-3,85.8,73.2,37.3,32.7,125,73,3,0,109,72,2.22,1.67,1
44,1,0,32,2.03,1.38,1.69,1.59,0,1,7,14,39643,Home,4-2-3-1,4-2-3-1,85.8,80.6,37.3,33.7,125,91,3,4,109,59,2.22,1.31,1
44,1,0,64,2.03,2.25,1.69,1.06,4,0,7,3,57524,Away,4-2-3-1,4-3-3,85.8,84.0,37.3,35.2,125,92,3,5,109,131,2.22,2.34,-1
44,2,0,35,2.03,1.35,1.69,1.7,4,-1,7,13,39628,Home,4-2-3-1,3-4-3,85.8,80.8,37.3,36.3,125,113,3,4,109,94,2.22,2.14,-1
44,3,0,32,2.03,1.41,1.69,1.57,1,1,7,12,25110,Away,4-2-3-1,4-1-4-1,85.8,77.1,37.3,35.8,125,78,3,2,109,75,2.22,1.83,1
44,1,0,72,2.03,2.53,1.69,0.92,1,1,7,1,52178,Away,4-2-3-1,4-1-4-1,85.8,89.2,37.3,38.3,125,70,3,2,109,56,2.22,1.04,0
44,2,0,27,2.03,1.46,1.69,1.65,2,0,7,16,17140,Away,3-5-2,3-5-2,85.8,74.6,37.3,33.8,125,90,3,2,109,81,2.22,1.98,0
44,3,0,47,2.03,2.19,1.69,1.58,2,1,7,6,37753,Home,4-2-3-1,4-3-3,85.8,81.0,37.3,37.8,125,97,3,1,109,75,2.22,1.53,1
44,2,0,14,2.03,1.08,1.69,2.05,2,-1,7,19,39535,Home,4-2-3-1,4-4-2,85.8,77.6,37.3,31.8,125,85,3,7,109,88,2.22,2.15,0
44,4,0,46,2.03,1.49,1.69,1.57,3,1,7,8,39694,Home,4-2-3-1,4-2-3-1,85.8,80.7,37.3,34.2,125,101,3,4,109,107,2.22,2.18,1
44,2,0,8,2.03,0.95,1.69,2.73,2,-1,7,20,28638,Away,4-2-3-1,3-5-2,85.8,70.5,37.3,32.7,125,103,3,5,109,62,2.22,1.55,0
44,6,0,35,2.03,1.05,1.69,1.32,0,-1,7,15,39392,Home,4-2-3-1,4-4-1-1,85.8,73.2,37.3,30.0,125,88,3,2,109,101,2.22,2.3,1
44,0,0,72,2.03,2.44,1.69,0.78,5,1,7,2,60238,Away,4-2-3-1,4-3-3,85.8,84.8,37.3,32.5,125,79,3,2,109,102,2.22,2.0,-1
44,2,0,56,2.03,2.03,1.69,1.47,2,-1,7,4,42354,Away,4-2-3-1,4-4-1-1,85.8,83.8,37.3,37.3,125,132,3,3,109,57,2.22,1.06,0
44,2,0,53,2.03,1.97,1.69,1.64,0,0,7,5,39086,Home,4-2-3-1,4-2-3-1,85.8,85.3,37.3,35.8,125,95,3,4,109,88,2.22,2.26,1
44,5,0,38,2.03,1.59,1.69,1.92,0,0,7,9,39295,Home,4-2-3-1,4-2-3-1,85.8,77.9,37.3,33.4,125,108,3,4,109,90,2.22,1.73,1
44,3,0,22,2.03,1.27,1.69,1.78,2,-1,7,17,29708,Away,4-2-3-1,5-4-1,85.8,75.8,37.3,31.2,125,94,3,3,109,91,2.22,2.12,1
44,2,0,33,2.03,1.5,1.69,1.61,1,1,7,10,31555,Away,4-2-3-1,4-2-3-1,85.8,87.1,37.3,34.9,125,115,3,3,109,98,2.22,2.04,1
44,2,0,35,2.03,1.43,1.69,1.76,1,0,7,11,39724,Home,4-2-3-1,4-2-3-1,85.8,74.7,37.3,32.2,125,91,3,3,109,74,2.22,1.72,1
32,1,-2,35,1.38,1.05,1.59,1.32,0,-2,14,15,39940,Away,4-3-3,4-4-1-1,80.6,73.2,33.7,30.0,91,88,4,2,59,101,1.31,2.3,1
32,0,1,27,1.38,1.46,1.59,1.65,3,0,14,16,24236,Home,4-3-3,4-3-3,80.6,74.6,33.7,33.8,91,90,4,2,59,81,1.31,1.98,-1
32,2,1,72,1.38,2.44,1.59,0.78,2,1,14,2,59961,Away,4-3-3,4-3-3,80.6,84.8,33.7,32.5,91,79,4,2,59,102,1.31,2.0,0
32,1,1,72,1.38,2.53,1.59,0.92,5,1,14,1,52899,Away,4-3-3,4-2-3-1,80.6,89.2,33.7,38.3,91,70,4,2,59,56,1.31,1.04,-1
32,1,1,16,1.38,1.35,1.59,2.19,0,-1,14,18,24467,Home,4-3-3,5-3-2,80.6,73.2,33.7,32.7,91,73,4,0,59,72,1.31,1.67,1
32,0,1,32,1.38,1.41,1.59,1.57,0,1,14,12,25072,Away,4-3-3,4-2-3-1,80.6,77.1,33.7,35.8,91,78,4,2,59,75,1.31,1.83,0
32,0,1,44,1.38,2.03,1.59,1.69,2,0,14,7,24445,Home,4-3-3,4-3-3,80.6,85.8,33.7,37.3,91,125,4,3,59,109,1.31,2.22,-1
32,3,1,8,1.38,0.95,1.59,2.73,1,-1,14,20,24361,Home,4-3-3,3-5-2,80.6,70.5,33.7,32.7,91,103,4,5,59,62,1.31,1.55,1
32,0,1,53,1.38,1.97,1.59,1.64,2,0,14,5,61286,Away,4-2-3-1,4-2-3-1,80.6,85.3,33.7,35.8,91,95,4,4,59,88,1.31,2.26,-1
32,1,1,33,1.38,1.5,1.59,1.61,1,1,14,10,31550,Away,4-2-3-1,3-4-3,80.6,87.1,33.7,34.9,91,115,4,3,59,98,1.31,2.04,0
32,0,1,46,1.38,1.49,1.59,1.57,1,1,14,8,24415,Home,4-2-3-1,4-2-3-1,80.6,80.7,33.7,34.2,91,101,4,4,59,107,1.31,2.18,-1
32,1,1,56,1.38,2.03,1.59,1.47,3,-1,14,4,41608,Away,4-2-3-1,4-2-2-2,80.6,83.8,33.7,37.3,91,132,4,3,59,57,1.31,1.06,-1
32,3,1,35,1.38,1.35,1.59,1.7,2,-1,14,13,24366,Home,4-2-3-1,3-5-2,80.6,80.8,33.7,36.3,91,113,4,4,59,94,1.31,2.14,1
32,3,1,64,1.38,2.25,1.59,1.06,4,0,14,3,50124,Away,4-2-3-1,4-3-3,80.6,84.0,33.7,35.2,91,92,4,5,59,131,1.31,2.34,-1
32,5,1,22,1.38,1.27,1.59,1.78,0,-1,14,17,24105,Home,4-2-3-1,4-2-3-1,80.6,75.8,33.7,31.2,91,94,4,3,59,91,1.31,2.12,1
32,5,1,38,1.38,1.59,1.59,1.92,0,0,14,9,23988,Home,4-2-3-1,4-4-1-1,80.6,77.9,33.7,33.4,91,108,4,4,59,90,1.31,1.73,1
32,0,1,47,1.38,2.19,1.59,1.58,3,1,14,6,52055,Away,4-2-3-1,4-3-3,80.6,81.0,33.7,37.8,91,97,4,1,59,75,1.31,1.53,-1
32,0,1,14,1.38,1.08,1.59,2.05,2,-1,14,19,23598,Home,4-2-3-1,4-4-2,80.6,77.6,33.7,31.8,91,85,4,7,59,88,1.31,2.15,-1
32,0,1,35,1.38,1.43,1.59,1.76,3,0,14,11,11099,Away,4-2-3-1,4-2-3-1,80.6,74.7,33.7,32.2,91,91,4,3,59,74,1.31,1.72,-1
32,2,1,72,1.38,2.44,1.59,0.78,1,1,14,2,24444,Home,4-2-3-1,4-3-3,80.6,84.8,33.7,32.5,91,79,4,2,59,102,1.31,2.0,1
32,0,1,44,1.38,2.03,1.59,1.69,1,0,14,7,39643,Away,4-2-3-1,4-2-3-1,80.6,85.8,33.7,37.3,91,125,4,3,59,109,1.31,2.22,-1
32,0,1,35,1.38,1.05,1.59,1.32,0,-1,14,15,24376,Home,4-2-3-1,4-4-1-1,80.6,73.2,33.7,30.0,91,88,4,2,59,101,1.31,2.3,0
32,2,1,14,1.38,1.08,1.59,2.05,2,-1,14,19,20203,Away,4-2-3-1,4-4-2,80.6,77.6,33.7,31.8,91,85,4,7,59,88,1.31,2.15,0
32,3,1,35,1.38,1.43,1.59,1.76,1,0,14,11,24271,Home,4-2-3-1,4-2-3-1,80.6,74.7,33.7,32.2,91,91,4,3,59,74,1.31,1.72,1
32,1,1,56,1.38,2.03,1.59,1.47,2,-1,14,4,24401,Home,4-2-3-1,4-2-3-1,80.6,83.8,33.7,37.3,91,132,4,3,59,57,1.31,1.06,-1
32,2,1,46,1.38,1.49,1.59,1.57,1,1,14,8,73487,Away,4-2-3-1,4-2-3-1,80.6,80.7,33.7,34.2,91,101,4,4,59,107,1.31,2.18,1
32,3,1,33,1.38,1.5,1.59,1.61,0,1,14,10,24460,Home,4-2-3-1,3-4-3,80.6,87.1,33.7,34.9,91,115,4,3,59,98,1.31,2.04,1
32,1,1,35,1.38,1.35,1.59,1.7,2,-1,14,13,30860,Away,4-2-3-1,4-2-3-1,80.6,80.8,33.7,36.3,91,113,4,4,59,94,1.31,2.14,-1
32,3,1,53,1.38,1.97,1.59,1.64,0,0,14,5,24410,Home,4-2-3-1,4-2-3-1,80.6,85.3,33.7,35.8,91,95,4,4,59,88,1.31,2.26,1
32,3,1,8,1.38,0.95,1.59,2.73,3,-1,14,20,30010,Away,4-2-3-1,3-5-2,80.6,70.5,33.7,32.7,91,103,4,5,59,62,1.31,1.55,0
32,1,1,22,1.38,1.27,1.59,1.78,3,-1,14,17,28997,Away,4-2-3-1,4-2-3-1,80.6,75.8,33.7,31.2,91,94,4,3,59,91,1.31,2.12,-1
32,0,1,47,1.38,2.19,1.59,1.58,1,1,14,6,24418,Home,4-2-3-1,4-3-3,80.6,81.0,33.7,37.8,91,97,4,1,59,75,1.31,1.53,-1
32,2,1,38,1.38,1.59,1.59,1.92,0,0,14,9,62459,Away,4-2-3-1,4-2-3-1,80.6,77.9,33.7,33.4,91,108,4,4,59,90,1.31,1.73,1
32,1,1,64,1.38,2.25,1.59,1.06,3,0,14,3,24414,Home,4-2-3-1,4-3-3,80.6,84.0,33.7,35.2,91,92,4,5,59,131,1.31,2.34,-1
32,1,1,32,1.38,1.41,1.59,1.57,1,1,14,12,24142,Home,4-2-3-1,3-4-3,80.6,77.1,33.7,35.8,91,78,4,2,59,75,1.31,1.83,0
32,0,1,27,1.38,1.46,1.59,1.65,0,0,14,16,17090,Away,4-2-3-1,4-3-3,80.6,74.6,33.7,33.8,91,90,4,2,59,81,1.31,1.98,0
32,0,1,72,1.38,2.53,1.59,0.92,4,1,14,1,24418,Home,4-2-3-1,4-2-3-1,80.6,89.2,33.7,38.3,91,70,4,2,59,56,1.31,1.04,-1
32,4,1,16,1.38,1.35,1.59,2.19,2,-1,14,18,12027,Away,4-2-3-1,3-4-3,80.6,73.2,33.7,32.7,91,73,4,0,59,72,1.31,1.67,1
35,1,-2,38,1.43,1.59,1.76,1.92,1,-2,11,9,11245,Home,4-2-3-1,4-2-3-1,74.7,77.9,32.2,33.4,91,108,3,4,74,90,1.72,1.73,0
35,1,0,64,1.43,2.25,1.76,1.06,3,0,11,3,53145,Away,4-2-3-1,4-3-3,74.7,84.0,32.2,35.2,91,92,3,5,74,131,1.72,2.34,-1
35,0,0,53,1.43,1.97,1.76,1.64,2,0,11,5,10567,Home,4-2-3-1,4-2-3-1,74.7,85.3,32.2,35.8,91,95,3,4,74,88,1.72,2.26,-1
35,2,0,27,1.43,1.46,1.76,1.65,2,0,11,16,16973,Away,4-2-3-1,4-3-3,74.7,74.6,32.2,33.8,91,90,3,2,74,81,1.72,1.98,0
35,0,0,44,1.43,2.03,1.76,1.69,0,0,11,7,10421,Home,4-2-3-1,4-2-3-1,74.7,85.8,32.2,37.3,91,125,3,3,74,109,1.72,2.22,0
35,1,0,33,1.43,1.5,1.76,1.61,3,1,11,10,31617,Away,4-2-3-1,4-2-3-1,74.7,87.1,32.2,34.9,91,115,3,3,74,98,1.72,2.04,-1
35,0,0,72,1.43,2.44,1.76,0.78,4,1,11,2,11193,Home,4-2-3-1,4-3-3,74.7,84.8,32.2,32.5,91,79,3,2,74,102,1.72,2.0,-1
35,0,0,35,1.43,1.05,1.76,1.32,3,-1,11,15,38815,Away,4-2-3-1,4-4-1-1,74.7,73.2,32.2,30.0,91,88,3,2,74,101,1.72,2.3,-1
35,1,0,35,1.43,1.35,1.76,1.7,2,-1,11,13,11175,Home,4-2-3-1,3-4-3,74.7,80.8,32.2,36.3,91,113,3,4,74,94,1.72,2.14,-1
35,2,0,14,1.43,1.08,1.76,2.05,1,-1,11,19,11152,Home,4-2-3-1,4-3-3,74.7,77.6,32.2,31.8,91,85,3,7,74,88,1.72,2.15,1
35,1,0,72,1.43,2.53,1.76,0.92,6,1,11,1,53358,Away,5-4-1,3-4-3,74.7,89.2,32.2,38.3,91,70,3,2,74,56,1.72,1.04,-1
35,2,0,47,1.43,2.19,1.76,1.58,0,1,11,6,11201,Home,4-2-3-1,4-3-3,74.7,81.0,32.2,37.8,91,97,3,1,74,75,1.72,1.53,1
35,3,0,8,1.43,0.95,1.76,2.73,1,-1,11,20,30208,Away,4-2-3-1,3-4-3,74.7,70.5,32.2,32.7,91,103,3,5,74,62,1.72,1.55,1
35,2,0,56,1.43,2.03,1.76,1.47,2,-1,11,4,11191,Home,4-2-3-1,4-4-2,74.7,83.8,32.2,37.3,91,132,3,3,74,57,1.72,1.06,0
35,2,0,32,1.43,1.41,1.76,1.57,0,1,11,12,25078,Away,4-2-3-1,4-2-3-1,74.7,77.1,32.2,35.8,91,78,3,2,74,75,1.72,1.83,1
35,3,0,46,1.43,1.49,1.76,1.57,0,1,11,8,73427,Away,4-2-3-1,4-2-3-1,74.7,80.7,32.2,34.2,91,101,3,4,74,107,1.72,2.18,1
35,3,0,22,1.43,1.27,1.76,1.78,2,-1,11,17,29188,Away,4-2-3-1,4-2-3-1,74.7,75.8,32.2,31.2,91,94,3,3,74,91,1.72,2.12,1
35,3,0,32,1.43,1.38,1.76,1.59,0,1,11,14,11099,Home,4-2-3-1,4-2-3-1,74.7,80.6,32.2,33.7,91,91,3,4,74,59,1.72,1.31,1
35,1,0,53,1.43,1.97,1.76,1.64,3,0,11,5,61780,Away,4-2-3-1,4-3-3,74.7,85.3,32.2,35.8,91,95,3,4,74,88,1.72,2.26,-1
35,0,0,64,1.43,2.25,1.76,1.06,4,0,11,3,11228,Home,4-2-3-1,4-3-3,74.7,84.0,32.2,35.2,91,92,3,5,74,131,1.72,2.34,-1
35,1,0,38,1.43,1.59,1.76,1.92,1,0,11,9,62478,Away,4-2-3-1,4-3-2-1,74.7,77.9,32.2,33.4,91,108,3,4,74,90,1.72,1.73,0
35,1,0,22,1.43,1.27,1.76,1.78,1,-1,11,17,11200,Home,4-2-3-1,4-2-3-1,74.7,75.8,32.2,31.2,91,94,3,3,74,91,1.72,2.12,0
35,1,0,32,1.43,1.38,1.76,1.59,3,1,11,14,24271,Away,4-2-3-1,4-2-3-1,74.7,80.6,32.2,33.7,91,91,3,4,74,59,1.72,1.31,-1
35,2,0,47,1.43,2.19,1.76,1.58,2,1,11,6,52224,Away,4-2-3-1,4-3-3,74.7,81.0,32.2,37.8,91,97,3,1,74,75,1.72,1.53,0
35,0,0,72,1.43,2.53,1.76,0.92,1,1,11,1,11184,Home,4-2-3-1,3-2-4-1,74.7,89.2,32.2,38.3,91,70,3,2,74,56,1.72,1.04,-1
35,2,0,14,1.43,1.08,1.76,2.05,0,-1,11,19,19713,Away,4-2-3-1,4-4-2,74.7,77.6,32.2,31.8,91,85,3,7,74,88,1.72,2.15,1
35,2,0,8,1.43,0.95,1.76,2.73,2,-1,11,20,11074,Home,4-2-3-1,3-5-2,74.7,70.5,32.2,32.7,91,103,3,5,74,62,1.72,1.55,0
35,4,0,16,1.43,1.35,1.76,2.19,3,-1,11,18,11198,Home,4-2-3-1,3-4-3,74.7,73.2,32.2,32.7,91,73,3,0,74,72,1.72,1.67,1
35,2,0,35,1.43,1.05,1.76,1.32,1,-1,11,15,11207,Home,4-2-3-1,4-4-1-1,74.7,73.2,32.2,30.0,91,88,3,2,74,101,1.72,2.3,1
35,1,0,32,1.43,1.41,1.76,1.57,0,1,11,12,11058,Home,4-3-3,3-4-3,74.7,77.1,32.2,35.8,91,78,3,2,74,75,1.72,1.83,1
35,1,0,16,1.43,1.35,1.76,2.19,2,-1,11,18,11797,Away,4-2-3-1,3-4-3,74.7,73.2,32.2,32.7,91,73,3,0,74,72,1.72,1.67,-1
35,2,0,46,1.43,1.49,1.76,1.57,2,1,11,8,11229,Home,4-2-3-1,4-2-3-1,74.7,80.7,32.2,34.2,91,101,3,4,74,107,1.72,2.18,0
35,1,0,56,1.43,2.03,1.76,1.47,3,-1,11,4,42189,Away,4-2-3-1,4-2-3-1,74.7,83.8,32.2,37.3,91,132,3,3,74,57,1.72,1.06,-1
35,1,0,35,1.43,1.35,1.76,1.7,0,-1,11,13,25541,Away,4-2-3-1,4-1-4-1,74.7,80.8,32.2,36.3,91,113,3,4,74,94,1.72,2.14,1
35,3,0,33,1.43,1.5,1.76,1.61,0,1,11,10,11188,Home,4-4-2,4-2-3-1,74.7,87.1,32.2,34.9,91,115,3,3,74,98,1.72,2.04,1
35,0,0,72,1.43,2.44,1.76,0.78,3,1,11,2,60348,Away,4-3-3,4-3-3,74.7,84.8,32.2,32.5,91,79,3,2,74,102,1.72,2.0,-1
35,1,0,27,1.43,1.46,1.76,1.65,2,0,11,16,11154,Home,4-2-3-1,4-3-3,74.7,74.6,32.2,33.8,91,90,3,2,74,81,1.72,1.98,-1
35,1,0,44,1.43,2.03,1.76,1.69,2,0,11,7,39724,Away,4-2-3-1,4-2-3-1,74.7,85.8,32.2,37.3,91,125,3,3,74,109,1.72,2.22,-1
32,1,-2,8,1.41,0.95,1.57,2.73,0,-2,12,20,31194,Away,4-2-3-1,3-4-3,77.1,70.5,35.8,32.7,78,103,2,5,75,62,1.83,1.55,1
32,0,1,72,1.41,2.44,1.57,0.78,1,1,12,2,24189,Home,4-2-3-1,4-3-3,77.1,84.8,35.8,32.5,78,79,2,2,75,102,1.83,2.0,-1
32,1,1,27,1.41,1.46,1.57,1.65,1,0,12,16,16997,Away,4-2-3-1,4-3-3,77.1,74.6,35.8,33.8,78,90,2,2,75,81,1.83,1.98,0
32,3,1,35,1.41,1.35,1.57,1.7,2,-1,12,13,24741,Home,4-3-3,4-4-2,77.1,80.8,35.8,36.3,78,113,2,4,75,94,1.83,2.14,1
32,1,1,56,1.41,2.03,1.57,1.47,3,-1,12,4,40809,Away,4-4-1-1,4-2-3-1,77.1,83.8,35.8,37.3,78,132,2,3,75,57,1.83,1.06,-1
32,0,1,32,1.41,1.38,1.57,1.59,0,1,12,14,25072,Home,4-2-3-1,4-3-3,77.1,80.6,35.8,33.7,78,91,2,4,75,59,1.83,1.31,0
32,1,1,46,1.41,1.49,1.57,1.57,0,1,12,8,73428,Away,4-3-3,4-2-3-1,77.1,80.7,35.8,34.2,78,101,2,4,75,107,1.83,2.18,1
32,0,1,22,1.41,1.27,1.57,1.78,0,-1,12,17,25017,Home,4-3-3,4-3-3,77.1,75.8,35.8,31.2,78,94,2,3,75,91,1.83,2.12,0
32,0,1,47,1.41,2.19,1.57,1.58,4,1,12,6,52189,Away,4-3-3,4-3-3,77.1,81.0,35.8,37.8,78,97,2,1,75,75,1.83,1.53,-1
32,1,1,53,1.41,1.97,1.57,1.64,2,0,12,5,25074,Home,4-2-3-1,4-2-3-1,77.1,85.3,35.8,35.8,78,95,2,4,75,88,1.83,2.26,-1
32,2,1,14,1.41,1.08,1.57,2.05,0,-1,12,19,21578,Away,4-2-3-1,4-4-2,77.1,77.6,35.8,31.8,78,85,2,7,75,88,1.83,2.15,1
32,2,1,35,1.41,1.05,1.57,1.32,3,-1,12,15,25103,Home,4-2-3-1,4-4-1-1,77.1,73.2,35.8,30.0,78,88,2,2,75,101,1.83,2.3,-1
32,1,1,16,1.41,1.35,1.57,2.19,2,-1,12,18,11029,Away,4-2-3-1,3-4-3,77.1,73.2,35.8,32.7,78,73,2,0,75,72,1.83,1.67,-1
32,1,1,38,1.41,1.59,1.57,1.92,1,0,12,9,62414,Away,4-3-3,4-2-3-1,77.1,77.9,35.8,33.4,78,108,2,4,75,90,1.83,1.73,0
32,0,1,35,1.41,1.43,1.57,1.76,2,0,12,11,25078,Home,4-2-3-1,4-2-3-1,77.1,74.7,35.8,32.2,78,91,2,3,75,74,1.83,1.72,-1
32,1,1,64,1.41,2.25,1.57,1.06,2,0,12,3,25103,Home,4-3-3,4-3-3,77.1,84.0,35.8,35.2,78,92,2,5,75,131,1.83,2.34,-1
32,2,1,72,1.41,2.53,1.57,0.92,2,1,12,1,53248,Away,5-4-1,4-2-3-1,77.1,89.2,35.8,38.3,78,70,2,2,75,56,1.83,1.04,0
32,1,1,33,1.41,1.5,1.57,1.61,1,1,12,10,24171,Home,4-3-3,4-2-3-1,77.1,87.1,35.8,34.9,78,115,2,3,75,98,1.83,2.04,0
32,1,1,44,1.41,2.03,1.57,1.69,2,0,12,7,39618,Away,4-3-3,4-2-3-1,77.1,85.8,35.8,37.3,78,125,2,3,75,109,1.83,2.22,-1
32,3,1,27,1.41,1.46,1.57,1.65,1,0,12,16,25472,Home,4-3-3,3-5-2,77.1,74.6,35.8,33.8,78,90,2,2,75,81,1.83,1.98,1
32,0,1,72,1.41,2.44,1.57,0.78,5,1,12,2,60284,Away,3-4-3,4-3-3,77.1,84.8,35.8,32.5,78,79,2,2,75,102,1.83,2.0,-1
32,3,1,8,1.41,0.95,1.57,2.73,2,-1,12,20,24781,Home,4-3-3,4-1-4-1,77.1,70.5,35.8,32.7,78,103,2,5,75,62,1.83,1.55,1
32,1,1,33,1.41,1.5,1.57,1.61,4,1,12,10,31345,Away,4-3-3,3-4-3,77.1,87.1,35.8,34.9,78,115,2,3,75,98,1.83,2.04,-1
32,1,1,44,1.41,2.03,1.57,1.69,3,0,12,7,25110,Home,4-1-4-1,4-2-3-1,77.1,85.8,35.8,37.3,78,125,2,3,75,109,1.83,2.22,-1
32,1,1,35,1.41,1.05,1.57,1.32,1,-1,12,15,38164,Away,3-4-3,4-4-1-1,77.1,73.2,35.8,30.0,78,88,2,2,75,101,1.83,2.3,0
32,3,1,14,1.41,1.08,1.57,2.05,0,-1,12,19,24042,Home,3-4-3,4-4-2,77.1,77.6,35.8,31.8,78,85,2,7,75,88,1.83,2.15,1
32,1,1,53,1.41,1.97,1.57,1.64,3,0,12,5,61339,Away,3-4-3,4-2-3-1,77.1,85.3,35.8,35.8,78,95,2,4,75,88,1.83,2.26,-1
32,1,1,16,1.41,1.35,1.57,2.19,1,-1,12,18,25103,Home,3-4-3,3-4-3,77.1,73.2,35.8,32.7,78,73,2,0,75,72,1.83,1.67,0
32,1,1,22,1.41,1.27,1.57,1.78,1,-1,12,17,29520,Away,3-4-3,4-2-3-1,77.1,75.8,35.8,31.2,78,94,2,3,75,91,1.83,2.12,0
32,0,1,35,1.41,1.43,1.57,1.76,1,0,12,11,11058,Away,3-4-3,4-3-3,77.1,74.7,35.8,32.2,78,91,2,3,75,74,1.83,1.72,-1
32,2,1,72,1.41,2.53,1.57,0.92,4,1,12,1,25132,Home,3-4-3,3-2-4-1,77.1,89.2,35.8,38.3,78,70,2,2,75,56,1.83,1.04,-1
32,1,1,64,1.41,2.25,1.57,1.06,0,0,12,3,60090,Away,3-4-3,4-3-3,77.1,84.0,35.8,35.2,78,92,2,5,75,131,1.83,2.34,1
32,5,1,38,1.41,1.59,1.57,1.92,2,0,12,9,25145,Home,3-4-3,4-2-3-1,77.1,77.9,35.8,33.4,78,108,2,4,75,90,1.83,1.73,1
32,2,1,47,1.41,2.19,1.57,1.58,0,1,12,6,25002,Home,3-4-3,3-4-3,77.1,81.0,35.8,37.8,78,97,2,1,75,75,1.83,1.53,1
32,1,1,32,1.41,1.38,1.57,1.59,1,1,12,14,24142,Away,3-4-3,4-2-3-1,77.1,80.6,35.8,33.7,78,91,2,4,75,59,1.83,1.31,0
32,4,1,46,1.41,1.49,1.57,1.57,0,1,12,8,25190,Home,3-4-3,4-2-3-1,77.1,80.7,35.8,34.2,78,101,2,4,75,107,1.83,2.18,1
32,3,1,35,1.41,1.35,1.57,1.7,1,-1,12,13,31424,Away,3-4-3,3-5-1-1,77.1,80.8,35.8,36.3,78,113,2,4,75,94,1.83,2.14,1
32,5,1,56,1.41,2.03,1.57,1.47,0,-1,12,4,25191,Home,3-4-3,4-4-2,77.1,83.8,35.8,37.3,78,132,2,3,75,57,1.83,1.06,1
27,2,-2,53,1.46,1.97,1.65,1.64,2,-2,16,5,17066,Home,5-3-2,4-2-3-1,74.6,85.3,33.8,35.8,90,95,2,4,81,88,1.98,2.26,0
27,3,0,32,1.46,1.38,1.65,1.59,0,1,16,14,24236,Away,4-3-3,4-3-3,74.6,80.6,33.8,33.7,90,91,2,4,81,59,1.98,1.31,1
27,1,0,32,1.46,1.41,1.65,1.57,1,1,16,12,16997,Home,4-3-3,4-2-3-1,74.6,77.1,33.8,35.8,90,78,2,2,81,75,1.98,1.83,0
27,2,0,35,1.46,1.43,1.65,1.76,2,0,16,11,16973,Home,4-3-3,4-2-3-1,74.6,74.7,33.8,32.2,90,91,2,3,81,74,1.98,1.72,0
27,0,0,47,1.46,2.19,1.65,1.58,1,1,16,6,51670,Away,5-3-2,4-3-3,74.6,81.0,33.8,37.8,90,97,2,1,81,75,1.98,1.53,-1
27,1,0,35,1.46,1.05,1.65,1.32,3,-1,16,15,16981,Home,4-3-3,4-4-1-1,74.6,73.2,33.8,30.0,90,88,2,2,81,101,1.98,2.3,-1
27,1,0,22,1.46,1.27,1.65,1.78,1,-1,16,17,29004,Away,4-3-3,4-3-3,74.6,75.8,33.8,31.2,90,94,2,3,81,91,1.98,2.12,0
27,1,0,46,1.46,1.49,1.65,1.57,2,1,16,8,73453,Away,3-5-2,4-2-3-1,74.6,80.7,33.8,34.2,90,101,2,4,81,107,1.98,2.18,-1
27,3,0,14,1.46,1.08,1.65,2.05,0,-1,16,19,17029,Home,4-3-3,4-2-3-1,74.6,77.6,33.8,31.8,90,85,2,7,81,88,1.98,2.15,1
27,2,0,44,1.46,2.03,1.65,1.69,0,0,16,7,39575,Away,3-5-2,4-2-3-1,74.6,85.8,33.8,37.3,90,125,2,3,81,109,1.98,2.22,1
27,3,0,38,1.46,1.59,1.65,1.92,2,0,16,9,17103,Home,4-3-3,4-4-2,74.6,77.9,33.8,33.4,90,108,2,4,81,90,1.98,1.73,1
27,0,0,64,1.46,2.25,1.65,1.06,3,0,16,3,50151,Away,5-3-2,4-3-3,74.6,84.0,33.8,35.2,90,92,2,5,81,131,1.98,2.34,-1
27,0,0,72,1.46,2.44,1.65,0.78,1,1,16,2,17201,Home,5-3-2,4-3-3,74.6,84.8,33.8,32.5,90,79,2,2,81,102,1.98,2.0,-1
27,3,0,16,1.46,1.35,1.65,2.19,1,-1,16,18,17075,Home,4-3-3,3-4-3,74.6,73.2,33.8,32.7,90,73,2,0,81,72,1.98,1.67,1
27,1,0,33,1.46,1.5,1.65,1.61,2,1,16,10,31571,Away,4-4-2,4-2-3-1,74.6,87.1,33.8,34.9,90,115,2,3,81,98,1.98,2.04,-1
27,0,0,8,1.46,0.95,1.65,2.73,1,-1,16,20,28509,Away,4-3-3,4-1-4-1,74.6,70.5,33.8,32.7,90,103,2,5,81,62,1.98,1.55,-1
27,1,0,56,1.46,2.03,1.65,1.47,2,-1,16,4,17034,Home,3-5-2,3-5-2,74.6,83.8,33.8,37.3,90,132,2,3,81,57,1.98,1.06,-1
27,1,0,35,1.46,1.35,1.65,1.7,4,-1,16,13,17109,Home,4-3-3,3-4-3,74.6,80.8,33.8,36.3,90,113,2,4,81,94,1.98,2.14,-1
27,1,0,32,1.46,1.41,1.65,1.57,3,1,16,12,25472,Away,3-5-2,4-3-3,74.6,77.1,33.8,35.8,90,78,2,2,81,75,1.98,1.83,-1
27,3,0,22,1.46,1.27,1.65,1.78,2,-1,16,17,17077,Home,3-5-2,4-2-3-1,74.6,75.8,33.8,31.2,90,94,2,3,81,91,1.98,2.12,1
27,2,0,53,1.46,1.97,1.65,1.64,3,0,16,5,61210,Away,3-5-2,4-2-3-1,74.6,85.3,33.8,35.8,90,95,2,4,81,88,1.98,2.26,-1
27,1,0,72,1.46,2.53,1.65,0.92,3,1,16,1,17096,Home,3-5-2,4-1-4-1,74.6,89.2,33.8,38.3,90,70,2,2,81,56,1.98,1.04,-1
27,2,0,35,1.46,1.35,1.65,1.7,0,-1,16,13,30731,Away,3-5-2,3-4-3,74.6,80.8,33.8,36.3,90,113,2,4,81,94,1.98,2.14,1
27,1,0,64,1.46,2.25,1.65,1.06,4,0,16,3,17193,Home,3-5-2,4-3-3,74.6,84.0,33.8,35.2,90,92,2,5,81,131,1.98,2.34,-1
27,0,0,72,1.46,2.53,1.65,0.92,1,1,16,1,52247,Away,3-5-2,4-2-3-1,74.6,89.2,33.8,38.3,90,70,2,2,81,56,1.98,1.04,-1
27,2,0,38,1.46,1.59,1.65,1.92,4,0,16,9,62450,Away,3-5-2,4-2-3-1,74.6,77.9,33.8,33.4,90,108,2,4,81,90,1.98,1.73,-1
27,2,0,44,1.46,2.03,1.65,1.69,2,0,16,7,17140,Home,3-5-2,3-5-2,74.6,85.8,33.8,37.3,90,125,2,3,81,109,1.98,2.22,0
27,1,0,72,1.46,2.44,1.65,0.78,2,1,16,2,60331,Away,3-5-2,4-3-3,74.6,84.8,33.8,32.5,90,79,2,2,81,102,1.98,2.0,-1
27,1,0,14,1.46,1.08,1.65,2.05,2,-1,16,19,20431,Away,3-5-2,4-4-2,74.6,77.6,33.8,31.8,90,85,2,7,81,88,1.98,2.15,-1
27,1,0,46,1.46,1.49,1.65,1.57,1,1,16,8,17138,Home,3-5-2,4-2-3-1,74.6,80.7,33.8,34.2,90,101,2,4,81,107,1.98,2.18,0
27,0,0,33,1.46,1.5,1.65,1.61,0,1,16,10,17024,Home,3-5-2,4-2-3-1,74.6,87.1,33.8,34.9,90,115,2,3,81,98,1.98,2.04,0
27,3,0,56,1.46,2.03,1.65,1.47,3,-1,16,4,42118,Away,3-5-2,4-4-1-1,74.6,83.8,33.8,37.3,90,132,2,3,81,57,1.98,1.06,0
27,2,0,8,1.46,0.95,1.65,2.73,0,-1,16,20,17115,Home,4-3-3,3-5-2,74.6,70.5,33.8,32.7,90,103,2,5,81,62,1.98,1.55,1
27,5,0,16,1.46,1.35,1.65,2.19,1,-1,16,18,11877,Away,4-3-3,3-4-3,74.6,73.2,33.8,32.7,90,73,2,0,81,72,1.98,1.67,1
27,0,0,35,1.46,1.05,1.65,1.32,1,-1,16,15,39098,Away,4-3-3,4-4-1-1,74.6,73.2,33.8,30.0,90,88,2,2,81,101,1.98,2.3,-1
27,0,0,32,1.46,1.38,1.65,1.59,0,1,16,14,17090,Home,4-3-3,4-2-3-1,74.6,80.6,33.8,33.7,90,91,2,4,81,59,1.98,1.31,0
27,2,0,35,1.46,1.43,1.65,1.76,1,0,16,11,11154,Away,4-3-3,4-2-3-1,74.6,74.7,33.8,32.2,90,91,2,3,81,74,1.98,1.72,1
27,2,0,47,1.46,2.19,1.65,1.58,4,1,16,6,17124,Home,4-3-3,4-3-3,74.6,81.0,33.8,37.8,90,97,2,1,81,75,1.98,1.53,-1
35,0,-2,32,1.05,1.38,1.32,1.59,1,-2,15,14,39940,Home,4-4-1-1,4-3-3,73.2,80.6,30.0,33.7,88,91,2,4,101,59,2.3,1.31,-1
35,0,-1,56,1.05,2.03,1.32,1.47,4,-1,15,4,41694,Away,4-1-4-1,4-2-3-1,73.2,83.8,30.0,37.3,88,132,2,3,101,57,2.3,1.06,-1
35,0,-1,35,1.05,1.35,1.32,1.7,1,-1,15,13,38851,Home,4-1-4-1,4-4-1-1,73.2,80.8,30.0,36.3,88,113,2,4,101,94,2.3,2.14,-1
35,2,-1,8,1.05,0.95,1.32,2.73,2,-1,15,20,31124,Away,4-4-1-1,3-5-2,73.2,70.5,30.0,32.7,88,103,2,5,101,62,2.3,1.55,0
35,0,-1,72,1.05,2.44,1.32,0.78,1,1,15,2,39217,Home,4-5-1,4-3-3,73.2,84.8,30.0,32.5,88,79,2,2,101,102,2.3,2.0,-1
35,3,-1,27,1.05,1.46,1.32,1.65,1,0,15,16,16981,Away,4-4-1-1,4-3-3,73.2,74.6,30.0,33.8,88,90,2,2,101,81,2.3,1.98,1
35,1,-1,16,1.05,1.35,1.32,2.19,2,-1,15,18,39289,Home,4-4-1-1,3-4-3,73.2,73.2,30.0,32.7,88,73,2,0,101,72,2.3,1.67,-1
35,3,-1,35,1.05,1.43,1.32,1.76,0,0,15,11,38815,Home,4-4-1-1,4-2-3-1,73.2,74.7,30.0,32.2,88,91,2,3,101,74,2.3,1.72,1
35,0,-1,64,1.05,2.25,1.32,1.06,2,0,15,3,50201,Away,4-4-1-1,4-3-3,73.2,84.0,30.0,35.2,88,92,2,5,101,131,2.3,2.34,-1
35,1,-1,38,1.05,1.59,1.32,1.92,0,0,15,9,62469,Away,4-4-1-1,4-2-3-1,73.2,77.9,30.0,33.4,88,108,2,4,101,90,2.3,1.73,1
35,1,-1,33,1.05,1.5,1.32,1.61,1,1,15,10,38683,Home,4-4-1-1,4-3-3,73.2,87.1,30.0,34.9,88,115,2,3,101,98,2.3,2.04,0
35,3,-1,32,1.05,1.41,1.32,1.57,2,1,15,12,25103,Away,4-4-1-1,4-2-3-1,73.2,77.1,30.0,35.8,88,78,2,2,101,75,2.3,1.83,1
35,0,-1,46,1.05,1.49,1.32,1.57,3,1,15,8,39257,Home,4-4-1-1,4-2-3-1,73.2,80.7,30.0,34.2,88,101,2,4,101,107,2.3,2.18,-1
35,1,-1,22,1.05,1.27,1.32,1.78,0,-1,15,17,29404,Away,4-4-1-1,4-3-3,73.2,75.8,30.0,31.2,88,94,2,3,101,91,2.3,2.12,1
35,3,-1,47,1.05,2.19,1.32,1.58,0,1,15,6,38198,Home,4-4-1-1,4-3-3,73.2,81.0,30.0,37.8,88,97,2,1,101,75,2.3,1.53,1
35,2,-1,44,1.05,2.03,1.32,1.69,0,0,15,7,39280,Home,4-4-1-1,4-2-3-1,73.2,85.8,30.0,37.3,88,125,2,3,101,109,2.3,2.22,1
35,2,-1,14,1.05,1.08,1.32,2.05,0,-1,15,19,21413,Away,5-4-1,4-4-2,73.2,77.6,30.0,31.8,88,85,2,7,101,88,2.3,2.15,1
35,1,-1,53,1.05,1.97,1.32,1.64,2,0,15,5,61808,Away,4-2-3-1,4-2-3-1,73.2,85.3,30.0,35.8,88,95,2,4,101,88,2.3,2.26,-1
35,1,-1,72,1.05,2.53,1.32,0.92,3,1,15,1,39327,Home,4-2-3-1,4-2-3-1,73.2,89.2,30.0,38.3,88,70,2,2,101,56,2.3,1.04,-1
35,0,-1,35,1.05,1.35,1.32,1.7,3,-1,15,13,31639,Away,5-4-1,3-4-3,73.2,80.8,30.0,36.3,88,113,2,4,101,94,2.3,2.14,-1
35,0,-1,56,1.05,2.03,1.32,1.47,0,-1,15,4,39284,Home,4-2-3-1,4-4-2,73.2,83.8,30.0,37.3,88,132,2,3,101,57,2.3,1.06,0
35,0,-1,32,1.05,1.38,1.32,1.59,0,1,15,14,24376,Away,4-4-1-1,4-2-3-1,73.2,80.6,30.0,33.7,88,91,2,4,101,59,2.3,1.31,0
35,2,-1,53,1.05,1.97,1.32,1.64,2,0,15,5,39321,Home,4-4-1-1,4-2-3-1,73.2,85.3,30.0,35.8,88,95,2,4,101,88,2.3,2.26,0
35,0,-1,72,1.05,2.53,1.32,0.92,2,1,15,1,52187,Away,4-2-3-1,4-1-4-1,73.2,89.2,30.0,38.3,88,70,2,2,101,56,2.3,1.04,-1
35,1,-1,32,1.05,1.41,1.32,1.57,1,1,15,12,38164,Home,4-4-1-1,3-4-3,73.2,77.1,30.0,35.8,88,78,2,2,101,75,2.3,1.83,0
35,1,-1,33,1.05,1.5,1.32,1.61,1,1,15,10,41646,Away,4-4-1-1,4-2-3-1,73.2,87.1,30.0,34.9,88,115,2,3,101,98,2.3,2.04,0
35,1,-1,38,1.05,1.59,1.32,1.92,3,0,15,9,39262,Home,4-4-1-1,4-2-3-1,73.2,77.9,30.0,33.4,88,108,2,4,101,90,2.3,1.73,-1
35,0,-1,46,1.05,1.49,1.32,1.57,2,1,15,8,73601,Away,4-4-1-1,4-2-4-0,73.2,80.7,30.0,34.2,88,101,2,4,101,107,2.3,2.18,-1
35,1,-1,35,1.05,1.43,1.32,1.76,2,0,15,11,11207,Away,4-4-1-1,4-2-3-1,73.2,74.7,30.0,32.2,88,91,2,3,101,74,2.3,1.72,-1
35,1,-1,47,1.05,2.19,1.32,1.58,1,1,15,6,52135,Away,4-4-1-1,4-3-3,73.2,81.0,30.0,37.8,88,97,2,1,101,75,2.3,1.53,0
35,1,-1,14,1.05,1.08,1.32,2.05,0,-1,15,19,39125,Home,4-4-1-1,4-4-2,73.2,77.6,30.0,31.8,88,85,2,7,101,88,2.3,2.15,1
35,0,-1,44,1.05,2.03,1.32,1.69,6,0,15,7,39392,Away,4-4-1-1,4-2-3-1,73.2,85.8,30.0,37.3,88,125,2,3,101,109,2.3,2.22,-1
35,2,-1,22,1.05,1.27,1.32,1.78,0,-1,15,17,39239,Home,4-1-4-1,4-2-3-1,73.2,75.8,30.0,31.2,88,94,2,3,101,91,2.3,2.12,1
35,2,-1,64,1.05,2.25,1.32,1.06,0,0,15,3,38222,Home,4-4-1-1,4-3-3,73.2,84.0,30.0,35.2,88,92,2,5,101,131,2.3,2.34,1
35,1,-1,27,1.05,1.46,1.32,1.65,0,0,15,16,39098,Home,4-4-1-1,4-3-3,73.2,74.6,30.0,33.8,88,90,2,2,101,81,2.3,1.98,1
35,1,-1,16,1.05,1.35,1.32,2.19,1,-1,15,18,11873,Away,4-4-1-1,3-4-3,73.2,73.2,30.0,32.7,88,73,2,0,101,72,2.3,1.67,0
35,1,-1,8,1.05,0.95,1.32,2.73,0,-1,15,20,39221,Home,4-4-1-1,3-5-2,73.2,70.5,30.0,32.7,88,103,2,5,101,62,2.3,1.55,1
35,1,-1,72,1.05,2.44,1.32,0.78,2,1,15,2,60312,Away,4-4-1-1,4-3-3,73.2,84.8,30.0,32.5,88,79,2,2,101,102,2.3,2.0,-1
16,1,-2,33,1.35,1.5,2.19,1.61,4,-2,18,10,31872,Away,3-5-2,4-2-3-1,73.2,87.1,32.7,34.9,73,115,0,3,72,98,1.67,2.04,-1
16,0,-1,44,1.35,2.03,2.19,1.69,3,0,18,7,39893,Away,5-3-2,3-4-3,73.2,85.8,32.7,37.3,73,125,0,3,72,109,1.67,2.22,-1
16,1,-1,38,1.35,1.59,2.19,1.92,2,0,18,9,10802,Home,5-3-2,4-2-3-1,73.2,77.9,32.7,33.4,73,108,0,4,72,90,1.67,1.73,-1
16,0,-1,32,1.35,1.38,2.19,1.59,1,1,18,14,24467,Away,5-3-2,4-3-3,73.2,80.6,32.7,33.7,73,91,0,4,72,59,1.67,1.31,-1
16,1,-1,35,1.35,1.35,2.19,1.7,1,-1,18,13,10893,Home,3-4-3,4-2-3-1,73.2,80.8,32.7,36.3,73,113,0,4,72,94,1.67,2.14,0
16,2,-1,35,1.35,1.05,2.19,1.32,1,-1,18,15,39289,Away,3-4-3,4-4-1-1,73.2,73.2,32.7,30.0,73,88,0,2,72,101,1.67,2.3,1
16,1,-1,14,1.35,1.08,2.19,2.05,2,-1,18,19,10918,Home,3-4-3,4-3-3,73.2,77.6,32.7,31.8,73,85,0,7,72,88,1.67,2.15,-1
16,0,-1,53,1.35,1.97,2.19,1.64,1,0,18,5,10290,Home,4-4-2,4-2-3-1,73.2,85.3,32.7,35.8,73,95,0,4,72,88,1.67,2.26,-1
16,2,-1,22,1.35,1.27,2.19,1.78,2,-1,18,17,29361,Away,4-4-2,4-3-3,73.2,75.8,32.7,31.2,73,94,0,3,72,91,1.67,2.12,0
16,1,-1,56,1.35,2.03,2.19,1.47,3,-1,18,4,41785,Away,3-4-3,4-4-2,73.2,83.8,32.7,37.3,73,132,0,3,72,57,1.67,1.06,-1
16,1,-1,64,1.35,2.25,2.19,1.06,1,0,18,3,11049,Home,3-4-3,4-3-3,73.2,84.0,32.7,35.2,73,92,0,5,72,131,1.67,2.34,0
16,0,-1,46,1.35,1.49,2.19,1.57,1,1,18,8,73599,Away,3-4-3,4-2-3-1,73.2,80.7,32.7,34.2,73,101,0,4,72,107,1.67,2.18,-1
16,2,-1,32,1.35,1.41,2.19,1.57,1,1,18,12,11029,Home,3-4-3,4-2-3-1,73.2,77.1,32.7,35.8,73,78,0,2,72,75,1.67,1.83,1
16,1,-1,27,1.35,1.46,2.19,1.65,3,0,18,16,17075,Away,3-4-3,4-3-3,73.2,74.6,32.7,33.8,73,90,0,2,72,81,1.67,1.98,-1
16,3,-1,72,1.35,2.44,2.19,0.78,4,1,18,2,11031,Home,3-4-3,4-3-3,73.2,84.8,32.7,32.5,73,79,0,2,72,102,1.67,2.0,-1
16,1,-1,72,1.35,2.53,2.19,0.92,2,1,18,1,11047,Home,3-4-3,4-2-3-1,73.2,89.2,32.7,38.3,73,70,0,2,72,56,1.67,1.04,-1
16,1,-1,47,1.35,2.19,2.19,1.58,0,1,18,6,11042,Home,3-4-3,4-3-3,73.2,81.0,32.7,37.8,73,97,0,1,72,75,1.67,1.53,1
16,3,-1,8,1.35,0.95,2.19,2.73,2,-1,18,20,31041,Away,3-4-3,4-4-2,73.2,70.5,32.7,32.7,73,103,0,5,72,62,1.67,1.55,1
16,2,-1,44,1.35,2.03,2.19,1.69,3,0,18,7,11041,Home,3-4-3,4-2-3-1,73.2,85.8,32.7,37.3,73,125,0,3,72,109,1.67,2.22,-1
16,1,-1,14,1.35,1.08,2.19,2.05,1,-1,18,19,20155,Away,3-4-3,4-4-2,73.2,77.6,32.7,31.8,73,85,0,7,72,88,1.67,2.15,0
16,4,-1,33,1.35,1.5,2.19,1.61,0,1,18,10,10994,Home,3-4-3,3-4-3,73.2,87.1,32.7,34.9,73,115,0,3,72,98,1.67,2.04,1
16,4,-1,47,1.35,2.19,2.19,1.58,4,1,18,6,52211,Away,3-4-3,4-3-3,73.2,81.0,32.7,37.8,73,97,0,1,72,75,1.67,1.53,0
16,1,-1,8,1.35,0.95,2.19,2.73,3,-1,18,20,11138,Home,3-4-3,5-4-1,73.2,70.5,32.7,32.7,73,103,0,5,72,62,1.67,1.55,-1
16,1,-1,46,1.35,1.49,2.19,1.57,2,1,18,8,11483,Home,3-4-3,4-2-3-1,73.2,80.7,32.7,34.2,73,101,0,4,72,107,1.67,2.18,-1
16,1,-1,64,1.35,2.25,2.19,1.06,4,0,18,3,59713,Away,3-4-3,4-3-3,73.2,84.0,32.7,35.2,73,92,0,5,72,131,1.67,2.34,-1
16,2,-1,56,1.35,2.03,2.19,1.47,3,-1,18,4,11594,Home,3-4-3,4-2-3-1,73.2,83.8,32.7,37.3,73,132,0,3,72,57,1.67,1.06,-1
16,1,-1,32,1.35,1.41,2.19,1.57,1,1,18,12,25103,Away,3-4-3,3-4-3,73.2,77.1,32.7,35.8,73,78,0,2,72,75,1.67,1.83,0
16,3,-1,35,1.35,1.43,2.19,1.76,4,0,18,11,11198,Away,3-4-3,4-2-3-1,73.2,74.7,32.7,32.2,73,91,0,3,72,74,1.67,1.72,-1
16,1,-1,22,1.35,1.27,2.19,1.78,1,-1,18,17,11630,Home,3-4-3,4-2-3-1,73.2,75.8,32.7,31.2,73,94,0,3,72,91,1.67,2.12,0
16,1,-1,53,1.35,1.97,2.19,1.64,2,0,18,5,61534,Away,4-3-3,4-2-3-1,73.2,85.3,32.7,35.8,73,95,0,4,72,88,1.67,2.26,-1
16,0,-1,72,1.35,2.44,2.19,0.78,2,1,18,2,60262,Away,3-4-3,4-3-3,73.2,84.8,32.7,32.5,73,79,0,2,72,102,1.67,2.0,-1
16,2,-1,35,1.35,1.43,2.19,1.76,1,0,18,11,11797,Home,3-4-3,4-2-3-1,73.2,74.7,32.7,32.2,73,91,0,3,72,74,1.67,1.72,1
16,1,-1,72,1.35,2.53,2.19,0.92,5,1,18,1,52149,Away,3-4-3,4-2-3-1,73.2,89.2,32.7,38.3,73,70,0,2,72,56,1.67,1.04,-1
16,1,-1,27,1.35,1.46,2.19,1.65,5,0,18,16,11877,Home,3-4-3,4-3-3,73.2,74.6,32.7,33.8,73,90,0,2,72,81,1.67,1.98,-1
16,1,-1,35,1.35,1.35,2.19,1.7,2,-1,18,13,31531,Away,3-4-3,3-5-1-1,73.2,80.8,32.7,36.3,73,113,0,4,72,94,1.67,2.14,-1
16,1,-1,35,1.35,1.05,2.19,1.32,1,-1,18,15,11873,Home,3-4-3,4-4-1-1,73.2,73.2,32.7,30.0,73,88,0,2,72,101,1.67,2.3,0
16,1,-1,38,1.35,1.59,2.19,1.92,3,0,18,9,62475,Away,3-4-3,4-2-3-1,73.2,77.9,32.7,33.4,73,108,0,4,72,90,1.67,1.73,-1
16,2,-1,32,1.35,1.38,2.19,1.59,4,1,18,14,12027,Home,3-4-3,4-2-3-1,73.2,80.6,32.7,33.7,73,91,0,4,72,59,1.67,1.31,-1
22,1,-2,72,1.27,2.44,1.78,0.78,2,-2,17,2,59984,Away,3-4-3,4-3-3,75.8,84.8,31.2,32.5,94,79,3,2,91,102,2.12,2.0,-1
22,2,-1,8,1.27,0.95,1.78,2.73,1,-1,17,20,29432,Home,3-4-3,3-4-3,75.8,70.5,31.2,32.7,94,103,3,5,91,62,2.12,1.55,1
22,2,-1,46,1.27,1.49,1.78,1.57,3,1,17,8,73595,Away,3-4-3,4-2-3-1,75.8,80.7,31.2,34.2,94,101,3,4,91,107,2.12,2.18,-1
22,1,-1,44,1.27,2.03,1.78,1.69,0,0,17,7,39820,Away,3-4-3,3-4-3,75.8,85.8,31.2,37.3,94,125,3,3,91,109,2.12,2.22,1
22,1,-1,14,1.27,1.08,1.78,2.05,1,-1,17,19,28958,Home,4-2-3-1,4-2-3-1,75.8,77.6,31.2,31.8,94,85,3,7,91,88,2.12,2.15,0
22,0,-1,72,1.27,2.53,1.78,0.92,2,1,17,1,53413,Away,5-4-1,4-2-3-1,75.8,89.2,31.2,38.3,94,70,3,2,91,56,2.12,1.04,-1
22,1,-1,27,1.27,1.46,1.78,1.65,1,0,17,16,29004,Home,4-3-3,4-3-3,75.8,74.6,31.2,33.8,94,90,3,2,91,81,2.12,1.98,0
22,0,-1,32,1.27,1.41,1.78,1.57,0,1,17,12,25017,Away,4-3-3,4-3-3,75.8,77.1,31.2,35.8,94,78,3,2,91,75,2.12,1.83,0
22,2,-1,16,1.27,1.35,1.78,2.19,2,-1,17,18,29361,Home,4-3-3,4-4-2,75.8,73.2,31.2,32.7,94,73,3,0,91,72,2.12,1.67,0
22,0,-1,64,1.27,2.25,1.78,1.06,3,0,17,3,50143,Away,5-4-1,4-3-3,75.8,84.0,31.2,35.2,94,92,3,5,91,131,2.12,2.34,-1
22,2,-1,56,1.27,2.03,1.78,1.47,0,-1,17,4,29313,Home,4-3-3,4-4-2,75.8,83.8,31.2,37.3,94,132,3,3,91,57,2.12,1.06,1
22,2,-1,38,1.27,1.59,1.78,1.92,3,0,17,9,62470,Away,4-3-3,4-2-3-1,75.8,77.9,31.2,33.4,94,108,3,4,91,90,2.12,1.73,-1
22,2,-1,33,1.27,1.5,1.78,1.61,3,1,17,10,29404,Home,4-1-4-1,4-2-3-1,75.8,87.1,31.2,34.9,94,115,3,3,91,98,2.12,2.04,-1
22,0,-1,35,1.27,1.05,1.78,1.32,1,-1,17,15,29404,Home,4-3-3,4-4-1-1,75.8,73.2,31.2,30.0,94,88,3,2,91,101,2.12,2.3,-1
22,0,-1,32,1.27,1.38,1.78,1.59,5,1,17,14,24105,Away,4-2-3-1,4-2-3-1,75.8,80.6,31.2,33.7,94,91,3,4,91,59,2.12,1.31,-1
22,1,-1,35,1.27,1.35,1.78,1.7,1,-1,17,13,31543,Away,3-5-2,3-4-3,75.8,80.8,31.2,36.3,94,113,3,4,91,94,2.12,2.14,0
22,0,-1,53,1.27,1.97,1.78,1.64,2,0,17,5,29296,Home,3-5-2,4-2-3-1,75.8,85.3,31.2,35.8,94,95,3,4,91,88,2.12,2.26,-1
22,2,-1,35,1.27,1.43,1.78,1.76,3,0,17,11,29188,Home,4-2-3-1,4-2-3-1,75.8,74.7,31.2,32.2,94,91,3,3,91,74,2.12,1.72,-1
22,3,-1,47,1.27,2.19,1.78,1.58,1,1,17,6,52207,Away,4-2-3-1,4-3-3,75.8,81.0,31.2,37.8,94,97,3,1,91,75,2.12,1.53,1
22,2,-1,46,1.27,1.49,1.78,1.57,1,1,17,8,29529,Home,4-2-3-1,4-2-3-1,75.8,80.7,31.2,34.2,94,101,3,4,91,107,2.12,2.18,1
22,2,-1,27,1.27,1.46,1.78,1.65,3,0,17,16,17077,Away,4-2-3-1,3-5-2,75.8,74.6,31.2,33.8,94,90,3,2,91,81,2.12,1.98,-1
22,1,-1,72,1.27,2.44,1.78,0.78,2,1,17,2,29387,Home,4-2-3-1,4-3-3,75.8,84.8,31.2,32.5,94,79,3,2,91,102,2.12,2.0,-1
22,1,-1,35,1.27,1.43,1.78,1.76,1,0,17,11,11200,Away,4-2-3-1,4-2-3-1,75.8,74.7,31.2,32.2,94,91,3,3,91,74,2.12,1.72,0
22,2,-1,47,1.27,2.19,1.78,1.58,3,1,17,6,29451,Home,4-2-3-1,4-3-3,75.8,81.0,31.2,37.8,94,97,3,1,91,75,2.12,1.53,-1
22,2,-1,38,1.27,1.59,1.78,1.92,0,0,17,9,29490,Home,4-2-3-1,4-2-3-1,75.8,77.9,31.2,33.4,94,108,3,4,91,90,2.12,1.73,1
22,2,-1,56,1.27,2.03,1.78,1.47,4,-1,17,4,42131,Away,4-2-3-1,4-2-3-1,75.8,83.8,31.2,37.3,94,132,3,3,91,57,2.12,1.06,-1
22,0,-1,64,1.27,2.25,1.78,1.06,1,0,17,3,29603,Home,4-2-3-1,4-3-3,75.8,84.0,31.2,35.2,94,92,3,5,91,131,2.12,2.34,-1
22,0,-1,33,1.27,1.5,1.78,1.61,1,1,17,10,31505,Away,4-3-3,4-2-3-1,75.8,87.1,31.2,34.9,94,115,3,3,91,98,2.12,2.04,-1
22,1,-1,16,1.27,1.35,1.78,2.19,1,-1,17,18,11630,Away,4-2-3-1,3-4-3,75.8,73.2,31.2,32.7,94,73,3,0,91,72,2.12,1.67,0
22,1,-1,32,1.27,1.41,1.78,1.57,1,1,17,12,29520,Home,4-2-3-1,3-4-3,75.8,77.1,31.2,35.8,94,78,3,2,91,75,2.12,1.83,0
22,3,-1,32,1.27,1.38,1.78,1.59,1,1,17,14,28997,Home,4-2-3-1,4-2-3-1,75.8,80.6,31.2,33.7,94,91,3,4,91,59,2.12,1.31,1
22,1,-1,53,1.27,1.97,1.78,1.64,3,0,17,5,61098,Away,4-2-3-1,4-2-3-1,75.8,85.3,31.2,35.8,94,95,3,4,91,88,2.12,2.26,-1
22,2,-1,35,1.27,1.35,1.78,1.7,2,-1,17,13,29604,Home,4-2-3-1,3-4-1-2,75.8,80.8,31.2,36.3,94,113,3,4,91,94,2.12,2.14,0
22,0,-1,35,1.27,1.05,1.78,1.32,2,-1,17,15,39239,Away,4-2-3-1,4-1-4-1,75.8,73.2,31.2,30.0,94,88,3,2,91,101,2.12,2.3,-1
22,0,-1,72,1.27,2.53,1.78,0.92,2,1,17,1,29677,Home,5-4-1,4-1-4-1,75.8,89.2,31.2,38.3,94,70,3,2,91,56,2.12,1.04,-1
22,3,-1,8,1.27,0.95,1.78,2.73,1,-1,17,20,28516,Away,4-2-3-1,3-5-2,75.8,70.5,31.2,32.7,94,103,3,5,91,62,2.12,1.55,1
22,2,-1,44,1.27,2.03,1.78,1.69,3,0,17,7,29708,Home,5-4-1,4-2-3-1,75.8,85.8,31.2,37.3,94,125,3,3,91,109,2.12,2.22,-1
22,2,-1,14,1.27,1.08,1.78,2.05,1,-1,17,19,21109,Away,4-2-3-1,4-4-2,75.8,77.6,31.2,31.8,94,85,3,7,91,88,2.12,2.15,1
14,0,-2,72,1.08,2.53,2.05,0.92,3,-2,19,1,21572,Home,5-4-1,4-2-3-1,77.6,89.2,31.8,38.3,85,70,7,2,88,56,2.15,1.04,-1
14,1,-1,56,1.08,2.03,2.05,1.47,3,-1,19,4,21591,Home,4-4-2,3-4-3,77.6,83.8,31.8,37.3,85,132,7,3,88,57,2.15,1.06,-1
14,2,-1,53,1.08,1.97,2.05,1.64,5,0,19,5,21750,Home,4-4-2,4-2-3-1,77.6,85.3,31.8,35.8,85,95,7,4,88,88,2.15,2.26,-1
14,1,-1,22,1.08,1.27,2.05,1.78,1,-1,19,17,28958,Away,4-2-3-1,4-2-3-1,77.6,75.8,31.8,31.2,85,94,7,3,88,91,2.15,2.12,0
14,0,-1,46,1.08,1.49,2.05,1.57,1,1,19,8,21593,Home,4-3-3,4-2-3-1,77.6,80.7,31.8,34.2,85,101,7,4,88,107,2.15,2.18,-1
14,0,-1,47,1.08,2.19,2.05,1.58,2,1,19,6,51687,Away,4-2-3-1,4-3-3,77.6,81.0,31.8,37.8,85,97,7,1,88,75,2.15,1.53,-1
14,2,-1,16,1.08,1.35,2.05,2.19,1,-1,19,18,10918,Away,4-3-3,3-4-3,77.6,73.2,31.8,32.7,85,73,7,0,88,72,2.15,1.67,1
14,1,-1,44,1.08,2.03,2.05,1.69,4,0,19,7,21654,Home,4-3-3,4-3-3,77.6,85.8,31.8,37.3,85,125,7,3,88,109,2.15,2.22,-1
14,0,-1,27,1.08,1.46,2.05,1.65,3,0,19,16,17029,Away,4-2-3-1,4-3-3,77.6,74.6,31.8,33.8,85,90,7,2,88,81,2.15,1.98,-1
14,1,-1,35,1.08,1.43,2.05,1.76,2,0,19,11,11152,Away,4-3-3,4-2-3-1,77.6,74.7,31.8,32.2,85,91,7,3,88,74,2.15,1.72,-1
14,0,-1,32,1.08,1.41,2.05,1.57,2,1,19,12,21578,Home,4-4-2,4-2-3-1,77.6,77.1,31.8,35.8,85,78,7,2,88,75,2.15,1.83,-1
14,1,-1,72,1.08,2.44,2.05,0.78,3,1,19,2,60232,Away,4-4-2,4-3-3,77.6,84.8,31.8,32.5,85,79,7,2,88,102,2.15,2.0,-1
14,1,-1,38,1.08,1.59,2.05,1.92,2,0,19,9,21319,Home,4-4-2,4-2-3-1,77.6,77.9,31.8,33.4,85,108,7,4,88,90,2.15,1.73,-1
14,5,-1,8,1.08,0.95,2.05,2.73,0,-1,19,20,21478,Home,4-4-2,3-4-3,77.6,70.5,31.8,32.7,85,103,7,5,88,62,2.15,1.55,1
14,0,-1,35,1.08,1.35,2.05,1.7,1,-1,19,13,30439,Away,4-4-2,3-4-3,77.6,80.8,31.8,36.3,85,113,7,4,88,94,2.15,2.14,-1
14,1,-1,33,1.08,1.5,2.05,1.61,1,1,19,10,31511,Away,4-4-2,4-2-3-1,77.6,87.1,31.8,34.9,85,115,7,3,88,98,2.15,2.04,0
14,0,-1,35,1.08,1.05,2.05,1.32,2,-1,19,15,21413,Home,4-4-2,5-4-1,77.6,73.2,31.8,30.0,85,88,7,2,88,101,2.15,2.3,-1
14,2,-1,32,1.08,1.38,2.05,1.59,0,1,19,14,23598,Away,4-4-2,4-2-3-1,77.6,80.6,31.8,33.7,85,91,7,4,88,59,2.15,1.31,1
14,0,-1,64,1.08,2.25,2.05,1.06,2,0,19,3,21624,Home,4-4-2,4-3-3,77.6,84.0,31.8,35.2,85,92,7,5,88,131,2.15,2.34,-1
14,2,-1,56,1.08,2.03,2.05,1.47,3,-1,19,4,41613,Away,4-4-2,4-4-1-1,77.6,83.8,31.8,37.3,85,132,7,3,88,57,2.15,1.06,-1
14,1,-1,16,1.08,1.35,2.05,2.19,1,-1,19,18,20155,Home,4-4-2,3-4-3,77.6,73.2,31.8,32.7,85,73,7,0,88,72,2.15,1.67,0
14,1,-1,72,1.08,2.53,2.05,0.92,3,1,19,1,52143,Away,4-4-2,4-2-3-1,77.6,89.2,31.8,38.3,85,70,7,2,88,56,2.15,1.04,-1
14,2,-1,32,1.08,1.38,2.05,1.59,2,1,19,14,20203,Home,4-4-2,4-2-3-1,77.6,80.6,31.8,33.7,85,91,7,4,88,59,2.15,1.31,0
14,1,-1,64,1.08,2.25,2.05,1.06,3,0,19,3,59896,Away,4-4-2,4-3-3,77.6,84.0,31.8,35.2,85,92,7,5,88,131,2.15,2.34,-1
14,0,-1,72,1.08,2.44,2.05,0.78,5,1,19,2,21311,Home,4-4-2,4-3-3,77.6,84.8,31.8,32.5,85,79,7,2,88,102,2.15,2.0,-1
14,0,-1,32,1.08,1.41,2.05,1.57,3,1,19,12,24042,Away,4-4-2,3-4-3,77.6,77.1,31.8,35.8,85,78,7,2,88,75,2.15,1.83,-1
14,0,-1,35,1.08,1.43,2.05,1.76,2,0,19,11,19713,Home,4-4-2,4-2-3-1,77.6,74.7,31.8,32.2,85,91,7,3,88,74,2.15,1.72,-1
14,2,-1,38,1.08,1.59,2.05,1.92,2,0,19,9,62441,Away,4-4-2,4-2-3-1,77.6,77.9,31.8,33.4,85,108,7,4,88,90,2.15,1.73,0
14,2,-1,27,1.08,1.46,2.05,1.65,1,0,19,16,20431,Home,4-4-2,3-5-2,77.6,74.6,31.8,33.8,85,90,7,2,88,81,2.15,1.98,1
14,2,-1,44,1.08,2.03,2.05,1.69,2,0,19,7,39535,Away,4-4-2,4-2-3-1,77.6,85.8,31.8,37.3,85,125,7,3,88,109,2.15,2.22,0
14,1,-1,35,1.08,1.35,2.05,1.7,1,-1,19,13,21528,Home,4-4-2,4-4-1-1,77.6,80.8,31.8,36.3,85,113,7,4,88,94,2.15,2.14,0
14,0,-1,35,1.08,1.05,2.05,1.32,1,-1,19,15,39125,Away,4-4-2,4-4-1-1,77.6,73.2,31.8,30.0,85,88,7,2,88,101,2.15,2.3,-1
14,1,-1,33,1.08,1.5,2.05,1.61,1,1,19,10,20687,Home,4-4-2,4-2-3-1,77.6,87.1,31.8,34.9,85,115,7,3,88,98,2.15,2.04,0
14,4,-1,8,1.08,0.95,2.05,2.73,1,-1,19,20,28964,Away,4-4-2,4-2-3-1,77.6,70.5,31.8,32.7,85,103,7,5,88,62,2.15,1.55,1
14,1,-1,46,1.08,1.49,2.05,1.57,1,1,19,8,73571,Away,4-4-2,4-2-3-1,77.6,80.7,31.8,34.2,85,101,7,4,88,107,2.15,2.18,0
14,1,-1,47,1.08,2.19,2.05,1.58,4,1,19,6,21781,Home,4-2-3-1,4-4-2,77.6,81.0,31.8,37.8,85,97,7,1,88,75,2.15,1.53,-1
14,1,-1,53,1.08,1.97,2.05,1.64,2,0,19,5,61148,Away,4-4-2,4-3-3,77.6,85.3,31.8,35.8,85,95,7,4,88,88,2.15,2.26,-1
14,1,-1,22,1.08,1.27,2.05,1.78,2,-1,19,17,21109,Home,4-4-2,4-2-3-1,77.6,75.8,31.8,31.2,85,94,7,3,88,91,2.15,2.12,-1
8,0,-2,32,0.95,1.41,2.73,1.57,1,-2,20,12,31194,Home,3-4-3,4-2-3-1,70.5,77.1,32.7,35.8,103,78,5,2,62,75,1.55,1.83,-1
8,1,-1,22,0.95,1.27,2.73,1.78,2,-1,20,17,29432,Away,3-4-3,3-4-3,70.5,75.8,32.7,31.2,103,94,5,3,62,91,1.55,2.12,-1
8,1,-1,72,0.95,2.53,2.73,0.92,2,1,20,1,31336,Home,3-5-2,4-2-3-1,70.5,89.2,32.7,38.3,103,70,5,2,62,56,1.55,1.04,-1
8,2,-1,35,0.95,1.05,2.73,1.32,2,-1,20,15,31124,Home,3-5-2,4-4-1-1,70.5,73.2,32.7,30.0,103,88,5,2,62,101,1.55,2.3,0
8,1,-1,53,0.95,1.97,2.73,1.64,2,0,20,5,61706,Away,3-5-2,4-2-3-1,70.5,85.3,32.7,35.8,103,95,5,4,62,88,1.55,2.26,-1
8,0,-1,47,0.95,2.19,2.73,1.58,8,1,20,6,31127,Home,3-4-3,4-3-3,70.5,81.0,32.7,37.8,103,97,5,1,62,75,1.55,1.53,-1
8,0,-1,38,0.95,1.59,2.73,1.92,2,0,20,9,62459,Away,3-5-2,4-2-3-1,70.5,77.9,32.7,33.4,103,108,5,4,62,90,1.55,1.73,-1
8,1,-1,32,0.95,1.38,2.73,1.59,3,1,20,14,24361,Away,3-5-2,4-3-3,70.5,80.6,32.7,33.7,103,91,5,4,62,59,1.55,1.31,-1
8,1,-1,46,0.95,1.49,2.73,1.57,2,1,20,8,31543,Home,4-4-2,4-2-3-1,70.5,80.7,32.7,34.2,103,101,5,4,62,107,1.55,2.18,-1
8,0,-1,72,0.95,2.44,2.73,0.78,5,1,20,2,60153,Away,4-4-2,4-3-3,70.5,84.8,32.7,32.5,103,79,5,2,62,102,1.55,2.0,-1
8,2,-1,35,0.95,1.35,2.73,1.7,1,-1,20,13,29454,Home,3-4-1-2,4-4-1-1,70.5,80.8,32.7,36.3,103,113,5,4,62,94,1.55,2.14,1
8,1,-1,33,0.95,1.5,2.73,1.61,1,1,20,10,31367,Away,3-4-3,4-2-3-1,70.5,87.1,32.7,34.9,103,115,5,3,62,98,1.55,2.04,0
8,1,-1,35,0.95,1.43,2.73,1.76,3,0,20,11,30208,Home,3-4-3,4-2-3-1,70.5,74.7,32.7,32.2,103,91,5,3,62,74,1.55,1.72,-1
8,0,-1,14,0.95,1.08,2.73,2.05,5,-1,20,19,21478,Away,3-4-3,4-4-2,70.5,77.6,32.7,31.8,103,85,5,7,62,88,1.55,2.15,-1
8,0,-1,64,0.95,2.25,2.73,1.06,2,0,20,3,31406,Home,3-4-3,4-3-3,70.5,84.0,32.7,35.2,103,92,5,5,62,131,1.55,2.34,-1
8,1,-1,27,0.95,1.46,2.73,1.65,0,0,20,16,28509,Home,4-1-4-1,4-3-3,70.5,74.6,32.7,33.8,103,90,5,2,62,81,1.55,1.98,1
8,0,-1,44,0.95,2.03,2.73,1.69,2,0,20,7,39599,Away,4-1-4-1,4-2-3-1,70.5,85.8,32.7,37.3,103,125,5,3,62,109,1.55,2.22,-1
8,1,-1,56,0.95,2.03,2.73,1.47,1,-1,20,4,41651,Away,3-4-3,4-4-1-1,70.5,83.8,32.7,37.3,103,132,5,3,62,57,1.55,1.06,0
8,2,-1,16,0.95,1.35,2.73,2.19,3,-1,20,18,31041,Home,4-4-2,3-4-3,70.5,73.2,32.7,32.7,103,73,5,0,62,72,1.55,1.67,-1
8,0,-1,72,0.95,2.53,2.73,0.92,2,1,20,1,53108,Away,3-4-3,4-2-3-1,70.5,89.2,32.7,38.3,103,70,5,2,62,56,1.55,1.04,-1
8,2,-1,38,0.95,1.59,2.73,1.92,2,0,20,9,29164,Home,4-1-4-1,4-4-1-1,70.5,77.9,32.7,33.4,103,108,5,4,62,90,1.55,1.73,0
8,2,-1,32,0.95,1.41,2.73,1.57,3,1,20,12,24781,Away,4-1-4-1,4-3-3,70.5,77.1,32.7,35.8,103,78,5,2,62,75,1.55,1.83,-1
8,0,-1,56,0.95,2.03,2.73,1.47,5,-1,20,4,30187,Home,5-4-1,4-2-3-1,70.5,83.8,32.7,37.3,103,132,5,3,62,57,1.55,1.06,-1
8,3,-1,16,0.95,1.35,2.73,2.19,1,-1,20,18,11138,Away,5-4-1,3-4-3,70.5,73.2,32.7,32.7,103,73,5,0,62,72,1.55,1.67,1
8,0,-1,33,0.95,1.5,2.73,1.61,5,1,20,10,29522,Home,3-5-1-1,4-2-3-1,70.5,87.1,32.7,34.9,103,115,5,3,62,98,1.55,2.04,-1
8,0,-1,35,0.95,1.35,2.73,1.7,1,-1,20,13,30789,Away,3-5-2,3-4-3,70.5,80.8,32.7,36.3,103,113,5,4,62,94,1.55,2.14,-1
8,0,-1,72,0.95,2.44,2.73,0.78,6,1,20,2,29157,Home,4-5-1,4-3-3,70.5,84.8,32.7,32.5,103,79,5,2,62,102,1.55,2.0,-1
8,2,-1,35,0.95,1.43,2.73,1.76,2,0,20,11,11074,Away,3-5-2,4-2-3-1,70.5,74.7,32.7,32.2,103,91,5,3,62,74,1.55,1.72,0
8,3,-1,32,0.95,1.38,2.73,1.59,3,1,20,14,30010,Home,3-5-2,4-2-3-1,70.5,80.6,32.7,33.7,103,91,5,4,62,59,1.55,1.31,0
8,1,-1,64,0.95,2.25,2.73,1.06,3,0,20,3,60055,Away,3-5-2,4-3-3,70.5,84.0,32.7,35.2,103,92,5,5,62,131,1.55,2.34,-1
8,2,-1,44,0.95,2.03,2.73,1.69,2,0,20,7,28638,Home,3-5-2,4-2-3-1,70.5,85.8,32.7,37.3,103,125,5,3,62,109,1.55,2.22,0
8,0,-1,27,0.95,1.46,2.73,1.65,2,0,20,16,17115,Away,3-5-2,4-3-3,70.5,74.6,32.7,33.8,103,90,5,2,62,81,1.55,1.98,-1
8,1,-1,14,0.95,1.08,2.73,2.05,4,-1,20,19,28964,Home,4-2-3-1,4-4-2,70.5,77.6,32.7,31.8,103,85,5,7,62,88,1.55,2.15,-1
8,2,-1,46,0.95,1.49,2.73,1.57,4,1,20,8,73549,Away,3-5-2,4-2-3-1,70.5,80.7,32.7,34.2,103,101,5,4,62,107,1.55,2.18,-1
8,1,-1,47,0.95,2.19,2.73,1.58,5,1,20,6,52196,Away,3-5-2,4-3-3,70.5,81.0,32.7,37.8,103,97,5,1,62,75,1.55,1.53,-1
8,1,-1,22,0.95,1.27,2.73,1.78,3,-1,20,17,28516,Home,3-5-2,4-2-3-1,70.5,75.8,32.7,31.2,103,94,5,3,62,91,1.55,2.12,-1
8,0,-1,35,0.95,1.05,2.73,1.32,1,-1,20,15,39221,Away,3-5-2,4-4-1-1,70.5,73.2,32.7,30.0,103,88,5,2,62,101,1.55,2.3,-1
8,0,-1,53,0.95,1.97,2.73,1.64,3,0,20,5,29116,Home,5-3-2,4-2-3-1,70.5,85.3,32.7,35.8,103,95,5,4,62,88,1.55,2.26,-1
